CustomerID,Customer_Name,Account_Age_Days,Monthly_Fee_INR,Industry,Location,Feature_Usage_Score,Total_Users,Support_Tickets,Payment_Delay_Days,Last_Login_Days,Avg_Resolution_Time_Hrs,NPS_Score,Is_Churn
1684,Client_683,1679,49547,Tech,Nagpur,78,32,6,18,42,61.15041314382431,1,0
1375,Client_374,727,18718,Logistics,Dhule,82,50,12,4,18,60.833162587816524,2,1
1701,Client_700,1121,8810,Healthcare,Dhule,70,24,11,13,38,11.253429032656966,10,1
1688,Client_687,1730,33687,Logistics,Mumbai,60,46,13,6,40,19.559657783447918,1,1
1533,Client_532,674,28752,Healthcare,Nashik,73,7,14,3,10,65.83284247289886,6,1
1399,Client_398,260,12973,Retail,Pune,37,8,6,3,17,21.33356013256764,5,0
1416,Client_415,1498,15395,Logistics,Ahmedabad,49,17,10,27,40,54.60996539927389,8,1
1168,Client_167,1995,15167,Finance,Indore,29,8,9,2,12,24.892139187700593,3,1
1659,Client_658,891,34398,Tech,Ahmedabad,67,8,13,0,5,40.53299693858172,9,1
1909,Client_908,1070,31029,Finance,Nagpur,12,55,17,26,6,15.163765517056552,10,1
1666,Client_665,1598,22850,Logistics,Surat,34,47,0,17,9,57.69721823284368,1,0
1101,Client_100,261,28321,Finance,Shirpur,26,58,5,26,23,57.0050640071783,3,0
1369,Client_368,1254,49409,Healthcare,Nagpur,90,47,17,20,28,38.1390281068298,9,1
1933,Client_932,839,33602,Logistics,Indore,93,47,16,3,41,77.90401059676162,6,1
1186,Client_185,1138,40358,Logistics,Indore,79,15,10,12,35,44.61332910672628,3,1
1103,Client_102,1095,27574,Retail,Indore,14,13,0,15,0,25.841834449081702,9,0
1427,Client_426,126,25806,Finance,Mumbai,58,13,2,20,38,26.839734124746812,9,0
1068,Client_67,415,29214,Logistics,Nashik,15,23,17,21,27,9.86744596538071,3,1
1326,Client_325,1469,11359,Healthcare,Shirpur,83,51,18,14,12,42.627437450481864,9,1
1032,Client_31,1284,17173,Logistics,Ahmedabad,12,55,3,11,20,11.110542328470641,2,0
1938,Client_937,1324,17857,Tech,Shirpur,51,42,9,19,18,5.698271807176526,10,1
1349,Client_348,445,15541,Tech,Nashik,64,49,19,3,7,64.56009212992043,1,1
1067,Client_66,700,22144,Tech,Nagpur,89,50,3,28,42,55.520737399752136,1,0
1918,Client_917,767,46846,Logistics,Shirpur,87,52,19,22,18,39.223761541322176,2,1
1662,Client_661,357,41062,Tech,Surat,78,30,11,11,33,66.45486732248696,2,1
1976,Client_975,1340,13712,Logistics,Ahmedabad,92,53,8,8,7,41.36440547870777,2,0
1606,Client_605,803,18350,Tech,Ahmedabad,31,8,6,15,8,29.00446731376869,6,0
1864,Client_863,486,6007,Healthcare,Dhule,90,6,12,17,6,43.87429422798676,3,1
1910,Client_909,1135,18025,Tech,Pune,89,30,11,25,37,43.879971997479885,10,1
1246,Client_245,1534,47929,Logistics,Nagpur,49,21,1,5,14,39.495646347047206,6,0
1254,Client_253,763,41159,Healthcare,Shirpur,57,52,2,11,43,46.93524923472263,1,0
1323,Client_322,863,28710,Retail,Pune,94,41,15,7,6,59.637045038558014,10,1
1138,Client_137,1595,13152,Finance,Shirpur,26,29,5,4,42,59.108686783217905,10,0
1904,Client_903,1496,32082,Finance,Indore,72,56,11,28,3,14.830989627852732,2,1
1286,Client_285,484,24096,Finance,Nashik,69,22,12,27,2,32.786857779463574,9,1
1434,Client_433,1059,38719,Healthcare,Pune,80,56,18,29,39,30.30193087679597,2,1
1189,Client_188,991,14111,Healthcare,Ahmedabad,11,57,10,6,40,41.18697953957472,9,1
1055,Client_54,1367,26833,Retail,Ahmedabad,70,26,16,0,37,78.50040973976127,4,1
1568,Client_567,755,24250,Logistics,Pune,89,33,4,17,5,10.393003798733421,8,0
1877,Client_876,157,10084,Retail,Pune,47,48,12,9,17,23.13233806097612,4,1
1002,Client_1,1559,37201,Finance,Nagpur,20,16,2,11,37,70.10736199002972,1,0
1536,Client_535,249,16372,Finance,Ahmedabad,68,51,1,4,26,55.706977562343255,7,0
1097,Client_96,802,47928,Healthcare,Shirpur,84,29,6,29,21,47.371445573935496,7,0
1928,Client_927,1301,33087,Retail,Nashik,71,46,4,21,18,75.95567135516235,9,0
1697,Client_696,875,14996,Logistics,Pune,23,58,9,29,37,7.330109768334223,2,1
1446,Client_445,116,38536,Tech,Ahmedabad,26,46,16,23,33,22.859363244049906,2,1
1947,Client_946,1670,31385,Tech,Dhule,86,58,1,6,27,37.553665135863554,6,0
1078,Client_77,1055,23271,Finance,Shirpur,77,37,17,9,40,54.80091710507017,6,1
1403,Client_402,1400,41368,Logistics,Shirpur,56,23,17,4,12,60.56624050414891,7,1
1171,Client_170,1060,8812,Finance,Shirpur,29,25,13,3,29,25.10353905339783,1,1
1826,Client_825,1956,24623,Finance,Shirpur,13,9,0,6,44,56.942960005818634,7,0
1975,Client_974,162,39531,Logistics,Nagpur,49,36,11,4,43,33.967729647431725,7,1
1461,Client_460,280,21438,Finance,Mumbai,89,25,2,26,29,11.484313034011425,6,0
1621,Client_620,1192,26520,Finance,Nagpur,86,6,0,6,6,21.151946214095638,4,0
1460,Client_459,401,15093,Tech,Surat,74,15,1,25,10,27.823069386564825,5,0
1249,Client_248,1800,41298,Healthcare,Indore,61,30,15,28,28,65.3725125411264,8,1
1793,Client_792,1286,33841,Logistics,Nagpur,28,36,17,12,9,6.376878799941797,4,1
1374,Client_373,1796,8797,Healthcare,Pune,66,10,9,15,36,29.90005265882594,8,1
1242,Client_241,1382,22988,Tech,Indore,50,49,19,9,8,10.655913199459121,8,1
1664,Client_663,995,24426,Logistics,Shirpur,19,44,2,4,24,45.557422347540715,7,0
1143,Client_142,491,34926,Retail,Nashik,37,29,7,11,10,47.160856537068874,3,0
1736,Client_735,1903,36883,Tech,Dhule,21,19,2,20,41,33.761084193128184,9,0
1465,Client_464,1092,20708,Tech,Shirpur,87,11,18,23,26,47.92363892225574,4,1
1218,Client_217,1697,25618,Healthcare,Dhule,82,51,17,2,17,8.924964297549714,7,1
1122,Client_121,316,44577,Logistics,Nashik,16,30,4,25,23,19.936767319780024,9,0
1508,Client_507,624,34378,Tech,Dhule,64,21,16,5,37,9.282430883388226,3,1
1856,Client_855,1181,14882,Logistics,Nagpur,49,24,15,16,23,38.22799824763706,9,1
1857,Client_856,1783,6136,Logistics,Nagpur,26,50,6,28,0,51.335989594196484,10,0
1485,Client_484,1411,23922,Logistics,Ahmedabad,15,51,5,12,41,39.006217296820104,4,0
1775,Client_774,1047,33831,Healthcare,Surat,62,9,10,27,36,42.31745625415444,6,1
1882,Client_881,1952,12491,Healthcare,Mumbai,27,13,3,22,44,12.261404824041396,9,0
1319,Client_318,563,24029,Finance,Indore,87,40,12,22,24,62.30716899341595,3,1
1959,Client_958,1365,13782,Logistics,Surat,48,47,12,2,10,73.57553319998627,6,1
1225,Client_224,1463,14865,Retail,Surat,26,5,10,9,11,59.53721073051039,4,1
1763,Client_762,834,12214,Finance,Nagpur,93,36,17,3,14,13.98100913753989,1,1
1896,Client_895,1525,26427,Finance,Pune,63,56,11,4,6,42.64516855856455,9,1
1520,Client_519,753,7106,Logistics,Pune,88,51,7,23,16,5.961623713295437,5,0
1447,Client_446,1295,43258,Tech,Shirpur,52,50,12,0,34,75.38357303078057,7,1
1049,Client_48,1057,9637,Healthcare,Mumbai,44,42,17,7,6,53.39282334149988,7,1
1765,Client_764,1687,16362,Tech,Dhule,25,49,3,16,21,23.52240593502969,3,0
1819,Client_818,128,16303,Finance,Dhule,48,58,18,9,5,73.87137765349684,8,1
1420,Client_419,137,9944,Finance,Ahmedabad,59,16,18,0,16,58.16750046886868,3,1
1095,Client_94,1945,23777,Healthcare,Mumbai,21,18,17,17,1,60.69769922612679,9,1
1949,Client_948,489,28019,Healthcare,Shirpur,33,11,9,13,13,72.91866031798492,3,1
1595,Client_594,901,37921,Tech,Ahmedabad,32,26,15,12,19,31.86642809323046,7,1
1616,Client_615,1096,28051,Retail,Mumbai,15,57,17,11,40,68.861688623491,3,1
1655,Client_654,1115,20023,Logistics,Surat,58,11,16,3,31,22.150306353845252,1,1
1051,Client_50,1057,48088,Finance,Nashik,67,41,2,22,40,66.83878023499469,4,0
1812,Client_811,269,26452,Tech,Surat,32,57,10,25,17,24.625352497812983,10,1
1304,Client_303,393,10788,Retail,Ahmedabad,72,24,10,9,8,13.812638015927998,3,1
1599,Client_598,659,20048,Tech,Ahmedabad,85,38,16,26,44,72.55701218380493,2,1
1940,Client_939,1847,24982,Healthcare,Mumbai,29,46,13,0,14,8.45518772566007,10,1
1711,Client_710,512,23155,Healthcare,Nagpur,50,6,12,18,13,62.50762672537518,9,1
1159,Client_158,1156,12943,Retail,Nagpur,33,28,14,20,1,79.763696321108,4,1
1612,Client_611,1199,14650,Logistics,Pune,69,25,1,6,35,24.688271786237426,10,0
1615,Client_614,1558,28393,Finance,Indore,57,35,6,17,15,65.14354646270948,7,0
1654,Client_653,868,16122,Logistics,Surat,33,46,17,22,32,15.237725906268663,7,1
1407,Client_406,1258,18490,Finance,Pune,33,10,12,8,0,27.102602741414596,5,1
1769,Client_768,243,47874,Finance,Pune,89,42,14,1,10,44.01728668273175,3,1
1462,Client_461,706,45411,Finance,Surat,50,25,10,20,3,5.107125730938254,8,1
1001,Client_0,1226,9809,Logistics,Ahmedabad,90,31,16,21,25,28.979063700489068,9,1
1674,Client_673,790,21514,Healthcare,Shirpur,70,53,11,9,29,68.1915876098886,3,1
1163,Client_162,1697,11738,Tech,Shirpur,35,47,8,9,3,19.343159680709103,10,0
1628,Client_627,552,5338,Tech,Nagpur,57,50,13,26,17,75.0808095928411,5,1
1208,Client_207,624,47101,Finance,Indore,54,30,12,0,1,20.088142421665957,1,1
1013,Client_12,430,12239,Tech,Dhule,45,37,19,18,30,38.23455089921859,4,1
1133,Client_132,1962,45441,Healthcare,Ahmedabad,66,52,14,12,10,16.76769681095901,8,1
1772,Client_771,1222,30425,Logistics,Dhule,65,36,9,19,7,14.82609639878492,7,1
1833,Client_832,1424,31292,Retail,Nashik,20,6,16,1,31,41.14961882996503,7,1
1170,Client_169,1670,22260,Tech,Indore,63,22,15,15,34,76.15928732689386,10,1
1667,Client_666,951,5614,Tech,Mumbai,77,15,19,9,9,76.69850441195543,2,1
1610,Client_609,960,25587,Tech,Nashik,88,35,17,17,31,7.833837994675975,3,1
1253,Client_252,783,10415,Healthcare,Dhule,52,21,15,9,17,11.458708287978034,5,1
1294,Client_293,1833,16302,Tech,Dhule,94,59,16,0,25,40.30257496182962,2,1
1107,Client_106,1394,24262,Finance,Surat,78,14,17,1,44,69.27125974020412,6,1
1409,Client_408,500,10299,Healthcare,Surat,18,26,12,6,1,60.904830435615466,6,1
1816,Client_815,733,23546,Finance,Pune,65,32,14,20,42,71.11143646916828,1,1
1868,Client_867,1314,34257,Tech,Nagpur,29,12,3,17,10,59.74168382776983,6,0
1582,Client_581,840,9853,Finance,Mumbai,10,51,6,23,33,69.19438921934734,9,0
1383,Client_382,1350,40840,Tech,Ahmedabad,26,22,10,29,7,69.40587263971851,1,1
1676,Client_675,1736,7983,Retail,Nashik,34,6,15,29,6,54.53522910233234,4,1
1094,Client_93,1895,21907,Finance,Dhule,81,59,11,18,22,46.7938874988808,10,1
1295,Client_294,1539,6970,Finance,Surat,11,19,8,6,1,8.686129275888277,3,0
1685,Client_684,384,20317,Tech,Nagpur,72,29,11,27,35,67.09437159089843,3,1
1483,Client_482,1915,36821,Logistics,Nagpur,17,48,0,0,14,26.544327115780074,2,1
1846,Client_845,1981,47534,Healthcare,Nashik,66,43,0,26,17,55.17901364877109,5,1
1634,Client_633,440,44887,Tech,Indore,40,5,18,17,24,35.227906843034916,3,1
1076,Client_75,191,47679,Tech,Pune,83,52,18,11,41,42.77895759424672,1,1
1118,Client_117,437,13150,Healthcare,Indore,42,16,18,12,0,8.583602351105402,1,1
1108,Client_107,555,9432,Retail,Shirpur,68,23,3,20,29,56.315680639136495,2,0
1718,Client_717,775,15816,Retail,Nagpur,73,14,14,6,31,23.78622100623226,10,1
1759,Client_758,364,48513,Logistics,Nashik,38,18,8,12,25,44.54413624630079,5,0
1425,Client_424,1899,26566,Finance,Surat,86,53,14,20,5,37.83361079747149,8,1
1897,Client_896,146,40196,Healthcare,Ahmedabad,13,51,7,22,39,50.38034400783078,4,0
1872,Client_871,923,6435,Tech,Ahmedabad,89,37,11,4,28,58.33413627614644,9,1
1939,Client_938,1028,49923,Healthcare,Surat,58,53,2,10,38,38.17953055611452,2,0
1096,Client_95,1600,32693,Tech,Surat,62,49,2,4,11,25.982519816528065,1,0
1637,Client_636,1412,16918,Logistics,Ahmedabad,76,25,5,27,22,52.8604926887202,3,0
1126,Client_125,592,10122,Finance,Indore,63,35,6,25,39,62.145078180732284,6,0
1187,Client_186,1981,9324,Retail,Indore,68,9,17,16,17,14.515462104731998,7,1
1250,Client_249,1348,10256,Tech,Pune,56,17,5,18,14,77.54960835151023,5,0
1264,Client_263,1620,24282,Finance,Nagpur,84,58,10,1,17,32.47147896548917,2,1
1495,Client_494,1516,25079,Tech,Surat,86,30,8,5,37,65.38200325996446,7,0
1436,Client_435,552,7079,Healthcare,Mumbai,78,34,15,28,12,77.11577921608321,5,1
1874,Client_873,1033,40150,Logistics,Nagpur,72,39,11,18,27,69.48108542638002,2,1
1205,Client_204,1294,37043,Finance,Shirpur,34,48,15,25,30,6.937922916500839,4,1
1573,Client_572,1793,29063,Finance,Dhule,32,51,1,2,4,27.752321166062785,9,0
1824,Client_823,1619,25695,Tech,Indore,45,24,2,10,35,65.32808106032755,4,0
1760,Client_759,554,19199,Retail,Indore,49,20,14,26,43,74.74028617204092,4,1
1799,Client_798,850,38742,Retail,Mumbai,29,51,15,12,43,74.24178102389214,1,1
1623,Client_622,1108,33470,Finance,Nashik,11,28,13,17,25,17.95679887108155,8,1
1267,Client_266,1391,45345,Retail,Dhule,57,53,10,2,37,76.63813703585993,1,1
1401,Client_400,900,13070,Tech,Dhule,87,21,18,1,25,65.24090924330699,2,1
1338,Client_337,971,15147,Healthcare,Dhule,21,6,17,15,33,35.901330421374226,1,1
1646,Client_645,1223,24541,Healthcare,Mumbai,63,37,10,10,12,42.34614444366979,9,1
1869,Client_868,1631,26736,Healthcare,Surat,94,33,10,5,21,35.819967872206874,5,1
1362,Client_361,1114,44915,Retail,Pune,15,22,14,20,26,22.952737725653474,10,1
1437,Client_436,1119,7717,Finance,Surat,35,29,14,7,20,65.54462369946879,3,1
1073,Client_72,664,16637,Retail,Ahmedabad,85,5,5,7,4,48.66086021110565,4,0
1092,Client_91,665,44749,Retail,Shirpur,91,35,19,3,1,39.471106379969484,10,1
1710,Client_709,1198,24895,Finance,Nagpur,14,29,5,9,25,67.34343538174568,8,0
1252,Client_251,1357,13162,Retail,Nagpur,78,42,15,18,3,42.111946370040975,1,1
1260,Client_259,1356,35523,Logistics,Shirpur,76,18,8,3,41,48.92407515715994,1,0
1120,Client_119,1176,49247,Tech,Mumbai,93,57,8,28,9,69.24289915125019,6,0
1642,Client_641,1885,9806,Finance,Nagpur,44,54,14,24,19,76.07177438905003,7,1
1079,Client_78,1578,41034,Logistics,Indore,53,16,4,22,26,30.37758994439119,7,0
1770,Client_769,984,12657,Tech,Nashik,54,7,0,24,27,55.782033858773325,8,0
1298,Client_297,1562,36110,Healthcare,Surat,69,51,8,15,24,39.04691247858948,2,0
1805,Client_804,1012,46873,Tech,Dhule,93,56,8,21,27,8.27456965347564,6,0
1998,Client_997,1096,14768,Finance,Nashik,66,18,5,28,34,59.17801307245989,7,0
1566,Client_565,1035,40835,Retail,Nagpur,20,47,18,18,31,73.2190021290333,8,1
1781,Client_780,1267,39701,Retail,Mumbai,90,43,0,10,34,10.582131382888676,9,0
1106,Client_105,915,15478,Tech,Mumbai,87,44,3,23,0,38.045233554438106,8,0
1230,Client_229,1471,13512,Retail,Shirpur,44,51,13,10,31,64.44048257160026,3,1
1315,Client_314,1324,22334,Healthcare,Ahmedabad,88,54,12,26,41,45.26443598769637,9,1
2000,Client_999,776,44499,Finance,Indore,81,34,11,12,14,12.959751448176458,10,1
1443,Client_442,1315,33071,Finance,Dhule,62,29,19,0,24,47.23732913404662,10,1
1625,Client_624,1873,6341,Healthcare,Pune,84,36,19,5,15,73.31256702423154,7,1
1509,Client_508,927,42334,Retail,Shirpur,71,21,19,18,22,13.290737473143539,3,1
1845,Client_844,813,41509,Logistics,Pune,74,15,15,22,26,51.969445599682004,10,1
1457,Client_456,379,18087,Tech,Nashik,37,14,13,24,11,35.59206775851428,2,1
1269,Client_268,1930,21984,Tech,Mumbai,91,57,14,28,3,29.264346030277842,7,1
1386,Client_385,1596,44282,Retail,Shirpur,15,36,9,13,27,46.6471868996136,3,1
1309,Client_308,297,38187,Retail,Mumbai,86,48,2,29,43,49.72951997693461,7,0
1229,Client_228,1629,39387,Logistics,Indore,59,41,13,13,41,20.884861241112702,9,1
1052,Client_51,662,42660,Tech,Dhule,42,55,14,28,39,36.328142522973195,7,1
1547,Client_546,543,17875,Finance,Shirpur,45,33,2,12,22,77.60166290343041,8,0
1040,Client_39,574,13017,Finance,Ahmedabad,74,23,8,9,25,45.357099809083344,3,0
1935,Client_934,601,37196,Healthcare,Nashik,13,10,10,2,13,13.25132908456577,7,1
1665,Client_664,259,42265,Retail,Shirpur,92,54,17,11,3,55.79755147517446,2,1
1542,Client_541,781,36653,Finance,Dhule,26,25,1,6,29,72.80852453596289,3,0
1534,Client_533,1313,22685,Tech,Shirpur,53,19,11,18,4,19.79319996252626,10,1
1004,Client_3,1394,43765,Logistics,Dhule,26,47,13,22,25,31.26398932489708,10,1
1703,Client_702,214,44974,Tech,Nagpur,36,47,8,17,0,48.4802836204829,7,0
1136,Client_135,1252,39674,Tech,Nashik,38,5,11,11,25,25.121540032082947,1,1
1087,Client_86,1995,26969,Finance,Indore,65,31,11,0,41,71.73772955662331,8,1
1307,Client_306,983,14446,Logistics,Pune,67,36,7,25,43,48.619162838731654,1,0
1870,Client_869,1492,47207,Healthcare,Indore,91,52,1,21,41,52.191439475621905,2,0
1644,Client_643,1881,17182,Logistics,Shirpur,68,35,18,11,18,28.79443807676507,8,1
1091,Client_90,1513,18716,Logistics,Nagpur,60,16,1,24,5,23.499233513358337,2,0
1125,Client_124,479,10126,Logistics,Ahmedabad,28,27,9,25,15,73.65621511000276,7,1
1997,Client_996,1146,8762,Tech,Mumbai,87,18,0,25,22,68.18480801266813,1,0
1385,Client_384,609,42430,Tech,Pune,75,44,4,17,41,23.99008725274825,1,0
1792,Client_791,1256,30931,Finance,Ahmedabad,38,50,10,6,20,53.60765954458036,1,1
1653,Client_652,1731,9232,Retail,Surat,87,57,15,5,8,62.24711839979612,9,1
1514,Client_513,784,6279,Healthcare,Pune,11,30,14,8,41,60.460599041308505,10,1
1570,Client_569,469,16555,Retail,Pune,11,26,8,29,2,76.83249936321668,8,0
1791,Client_790,733,28265,Healthcare,Mumbai,51,11,7,6,24,41.31383737419476,3,0
1292,Client_291,829,31727,Tech,Shirpur,65,11,19,1,29,55.18656166511381,3,1
1787,Client_786,1309,48642,Finance,Dhule,21,21,16,11,13,60.37216328587307,7,1
1827,Client_826,1465,7139,Finance,Dhule,91,13,9,12,1,47.89231418442153,10,1
1042,Client_41,610,30934,Healthcare,Pune,76,32,7,25,28,23.23433978170015,10,0
1453,Client_452,617,43565,Logistics,Indore,35,39,5,25,2,79.59231925133936,4,0
1025,Client_24,1615,27928,Logistics,Shirpur,50,49,17,0,7,48.28900071674816,10,1
1956,Client_955,109,41444,Finance,Ahmedabad,68,42,6,26,36,17.217699085804554,4,0
1173,Client_172,712,32285,Healthcare,Dhule,93,39,16,5,24,9.151986270380714,3,1
1098,Client_97,501,31329,Finance,Ahmedabad,14,38,10,18,36,11.61066825430941,8,1
1363,Client_362,108,42219,Tech,Shirpur,44,54,2,23,39,36.34763810104153,4,0
1281,Client_280,319,10984,Logistics,Mumbai,60,30,17,28,44,71.09435508222587,2,1
1808,Client_807,1642,14903,Healthcare,Pune,49,18,3,2,8,5.687416263786236,3,0
1100,Client_99,1679,28624,Healthcare,Indore,21,28,11,22,38,61.26206247159507,4,1
1671,Client_670,479,40435,Tech,Indore,52,7,18,6,26,53.15826762691408,6,1
1299,Client_298,302,22586,Finance,Dhule,49,48,5,26,12,27.624668122336164,8,0
1860,Client_859,928,12009,Retail,Ahmedabad,88,57,10,16,11,77.17739873408964,3,1
1843,Client_842,266,27890,Finance,Surat,71,27,13,5,23,60.39042796069307,10,1
1282,Client_281,1689,26526,Retail,Dhule,90,24,15,8,8,10.840924181846807,4,1
1764,Client_763,1507,5726,Logistics,Ahmedabad,64,37,1,7,3,65.19921831141649,3,0
1717,Client_716,860,17676,Logistics,Pune,74,13,0,16,41,20.617385645616082,6,0
1706,Client_705,925,34629,Retail,Surat,91,20,14,2,44,30.921512667559213,5,1
1339,Client_338,740,38561,Tech,Pune,69,35,1,24,25,15.379818947609342,5,0
1609,Client_608,889,39020,Tech,Pune,44,34,14,27,12,19.967871192195407,10,1
1743,Client_742,972,5806,Finance,Nashik,22,25,19,2,10,67.7088961658782,8,1
1489,Client_488,1762,5822,Healthcare,Nashik,88,16,10,2,9,41.14251253324831,5,1
1707,Client_706,1624,13436,Healthcare,Shirpur,84,38,5,2,33,51.61304833535631,2,0
1167,Client_166,783,39529,Finance,Nashik,38,27,0,27,27,31.046635572927332,1,1
1580,Client_579,1181,28150,Finance,Nashik,76,10,0,14,29,51.50010001080563,4,0
1060,Client_59,1942,19388,Tech,Nashik,15,17,6,0,32,7.814649314885234,3,0
1878,Client_877,1679,21661,Tech,Shirpur,92,16,13,26,27,41.22605846329628,7,1
1698,Client_697,704,32788,Logistics,Shirpur,84,20,17,1,2,76.01771745953876,7,1
1746,Client_745,161,39636,Healthcare,Mumbai,46,18,9,4,35,45.32690964432286,3,1
1071,Client_70,876,11238,Finance,Shirpur,71,44,12,29,22,40.23532410865112,10,1
1852,Client_851,752,38062,Retail,Mumbai,22,58,6,19,39,75.01948577759387,1,0
1906,Client_905,1382,35678,Logistics,Surat,62,46,5,29,17,74.93329837830132,6,0
1181,Client_180,497,18918,Tech,Dhule,88,29,3,22,44,77.67082978807184,4,0
1334,Client_333,1028,25609,Finance,Surat,77,30,1,23,35,65.58735888699667,10,0
1682,Client_681,1965,33535,Retail,Indore,64,24,6,29,34,45.996120474775324,6,0
1973,Client_972,952,33541,Retail,Shirpur,64,8,18,28,9,10.943720459744661,4,1
1162,Client_161,506,28275,Finance,Shirpur,31,53,1,14,31,72.99899727139992,10,0
1586,Client_585,890,45483,Tech,Shirpur,22,36,3,21,2,62.657313554087025,1,0
1762,Client_761,817,13245,Tech,Dhule,90,29,13,16,19,41.78368225519625,10,1
1638,Client_637,1377,30064,Logistics,Pune,44,8,7,29,42,29.04224182706934,6,0
1426,Client_425,1406,14916,Tech,Indore,57,45,11,29,25,22.305094265529032,9,1
1892,Client_891,1350,26195,Healthcare,Pune,92,17,19,12,38,22.107528342678886,4,1
1464,Client_463,799,24846,Logistics,Nagpur,80,49,13,15,0,67.76475666699443,1,1
1785,Client_784,1816,23024,Tech,Shirpur,29,16,8,27,2,52.80534591958876,6,0
1737,Client_736,1492,48194,Tech,Nagpur,49,16,17,23,21,16.417116043765013,4,1
1888,Client_887,302,7353,Tech,Shirpur,71,42,12,1,32,22.521857273642492,9,1
1373,Client_372,1243,8368,Finance,Nashik,39,34,3,27,18,61.759191717679776,9,0
1699,Client_698,1069,34969,Logistics,Nagpur,41,49,16,11,19,23.053443924763005,4,1
1721,Client_720,556,7050,Logistics,Shirpur,74,52,4,1,39,19.36409915376111,4,0
1841,Client_840,975,45329,Retail,Pune,53,24,6,12,31,17.163752930590803,5,0
1735,Client_734,136,14155,Healthcare,Mumbai,88,33,6,18,19,78.8241484110531,4,0
1132,Client_131,1980,45940,Finance,Surat,83,27,9,17,33,37.70528601644845,10,0
1297,Client_296,935,32202,Retail,Nashik,67,47,17,16,3,64.28852056502359,1,1
1748,Client_747,828,29262,Tech,Nashik,75,22,1,15,22,63.79788878791921,5,0
1191,Client_190,1814,21389,Tech,Pune,77,41,17,12,21,5.75352357911237,4,1
1140,Client_139,1262,15267,Tech,Shirpur,15,34,18,25,34,71.1226511881558,7,1
1043,Client_42,1805,28386,Healthcare,Nashik,24,21,18,24,15,60.856304872244166,10,1
1366,Client_365,1782,5126,Retail,Nashik,50,33,4,25,26,15.123386455373156,3,0
1274,Client_273,1748,14510,Retail,Nagpur,72,53,17,29,7,57.27597604506972,8,1
1354,Client_353,101,12783,Logistics,Nagpur,45,55,3,17,24,72.39476829267275,6,0
1219,Client_218,1112,37254,Healthcare,Nagpur,55,38,14,4,15,63.71364634899931,1,1
1418,Client_417,849,43356,Retail,Indore,74,7,4,20,27,12.39101385597068,9,0
1923,Client_922,775,18261,Finance,Nashik,85,35,4,25,6,50.874175673451056,6,0
1839,Client_838,1910,7808,Tech,Ahmedabad,49,59,19,6,29,39.5651551452239,7,1
1712,Client_711,1499,15616,Retail,Surat,68,16,0,2,6,31.298201859286017,7,0
1611,Client_610,346,46131,Finance,Pune,14,39,18,26,14,53.25272938023204,7,1
1967,Client_966,1188,10655,Logistics,Dhule,22,17,11,2,29,38.33599834833433,8,1
1456,Client_455,1160,45806,Retail,Surat,63,38,16,5,8,79.46240987614816,4,1
1548,Client_547,712,6622,Tech,Pune,71,24,4,3,1,73.60619965457452,6,0
1932,Client_931,140,21335,Healthcare,Dhule,94,38,5,6,44,72.13138795747359,8,0
1035,Client_34,121,20781,Healthcare,Dhule,58,53,10,26,30,35.65246717032005,8,1
1593,Client_592,612,43890,Healthcare,Nashik,88,15,3,20,7,74.87985685653685,4,0
1552,Client_551,1695,20646,Retail,Pune,70,6,10,29,34,73.20827480274734,3,1
1626,Client_625,1057,49623,Retail,Dhule,63,20,17,26,34,51.15108804714307,3,1
1811,Client_810,1291,25420,Tech,Surat,65,37,14,4,20,51.00513848916283,7,1
1085,Client_84,1204,28954,Finance,Indore,16,42,6,25,22,67.0707696011865,2,0
1217,Client_216,656,6917,Retail,Nashik,45,25,12,23,36,56.23816724298636,6,1
1028,Client_27,485,20254,Retail,Dhule,79,12,0,23,6,51.35772241712726,4,0
1677,Client_676,1391,36705,Finance,Indore,29,53,0,11,15,40.31123145244236,9,0
1494,Client_493,1227,7198,Finance,Shirpur,75,6,4,12,1,75.40394764833972,3,0
1900,Client_899,1649,49064,Logistics,Mumbai,34,26,13,6,38,42.86996030670501,3,1
1213,Client_212,1209,44001,Tech,Pune,45,34,14,21,19,65.57194021722313,6,1
1227,Client_226,1454,44809,Finance,Nagpur,36,26,2,15,4,16.676944831694968,8,0
1203,Client_202,848,18703,Finance,Ahmedabad,31,15,7,11,30,14.79757861680198,3,0
1862,Client_861,1484,42311,Retail,Surat,48,5,6,0,27,25.276144287168826,4,0
1992,Client_991,1986,26804,Retail,Nagpur,89,58,17,16,16,20.586788109412687,2,1
1029,Client_28,1315,49238,Retail,Dhule,15,45,0,27,37,43.21316549181514,6,0
1148,Client_147,1896,49243,Logistics,Surat,93,25,2,27,41,25.164615873425497,3,0
1937,Client_936,1268,12424,Finance,Ahmedabad,54,56,7,28,24,36.751852051308944,1,0
1958,Client_957,897,13711,Tech,Surat,22,16,9,2,17,69.00468001527062,9,1
1312,Client_311,851,6120,Tech,Surat,70,21,17,21,17,44.246468697518736,10,1
1669,Client_668,789,29077,Retail,Nagpur,38,7,4,27,20,34.97896632308207,7,0
1086,Client_85,1685,26508,Finance,Pune,87,48,8,3,9,77.58984244635164,1,0
1392,Client_391,437,41980,Tech,Pune,41,52,9,18,12,57.059874048217765,10,0
1353,Client_352,980,15380,Healthcare,Surat,14,48,14,21,39,35.79490229286999,9,1
1796,Client_795,334,20585,Tech,Indore,80,21,16,20,18,28.238533756495993,2,1
1247,Client_246,748,6908,Retail,Nagpur,48,21,2,14,5,50.522983720569904,7,0
1675,Client_674,1550,34866,Finance,Indore,52,58,7,14,15,32.16362020956137,9,0
1782,Client_781,668,22764,Retail,Nashik,66,35,16,22,10,42.77688209280835,10,1
1314,Client_313,708,37154,Retail,Dhule,77,47,19,16,4,14.679884362179722,9,1
1503,Client_502,637,27419,Retail,Ahmedabad,63,50,14,20,0,26.41847121789773,6,1
1647,Client_646,901,33921,Healthcare,Nashik,84,15,19,13,17,28.252551800933755,10,1
1989,Client_988,617,46125,Tech,Ahmedabad,10,51,15,14,39,9.018241970555595,7,1
1670,Client_669,1798,14374,Logistics,Nashik,28,16,0,11,10,76.5277719868781,10,0
1960,Client_959,1374,22434,Logistics,Indore,37,55,1,27,1,24.89638168145393,7,0
1116,Client_115,819,13717,Healthcare,Nashik,48,19,13,29,25,43.406643252399796,5,1
1172,Client_171,1862,33024,Healthcare,Ahmedabad,28,32,7,20,35,65.85994543637614,3,0
1696,Client_695,189,34430,Finance,Ahmedabad,34,41,1,18,27,16.80286875124328,6,0
1179,Client_178,602,16613,Logistics,Indore,76,54,13,28,23,66.79222862184983,10,1
1961,Client_960,976,25017,Healthcare,Indore,70,57,9,6,11,72.7964798892417,7,1
1823,Client_822,1771,39080,Retail,Nagpur,22,17,17,7,11,73.10627652948908,2,1
1265,Client_264,541,28930,Healthcare,Mumbai,25,31,10,3,19,8.97019516766137,10,1
1733,Client_732,1313,20152,Finance,Ahmedabad,68,18,8,26,34,42.000619103928535,4,0
1044,Client_43,1599,15209,Retail,Shirpur,41,10,3,10,35,17.61774343313689,9,0
1062,Client_61,120,9300,Retail,Nashik,49,36,3,1,26,74.05781372270565,6,0
1155,Client_154,300,11371,Logistics,Dhule,19,19,8,9,25,41.315985451073125,5,0
1771,Client_770,1192,23850,Retail,Ahmedabad,68,27,10,12,1,63.38869100462476,9,1
1631,Client_630,317,16344,Healthcare,Indore,21,35,11,7,13,47.441645382631926,1,1
1800,Client_799,687,9133,Retail,Pune,59,48,19,23,31,56.695949091937784,4,1
1598,Client_597,1241,39888,Healthcare,Ahmedabad,93,48,9,14,12,39.543691302099994,1,1
1439,Client_438,915,25908,Logistics,Nashik,76,38,18,10,9,21.770191124275332,7,1
1023,Client_22,869,42626,Healthcare,Indore,90,42,6,6,24,75.00598452675911,2,0
1618,Client_617,796,9090,Finance,Mumbai,68,6,6,21,23,36.205300280651464,2,0
1773,Client_772,495,31685,Finance,Indore,57,49,4,1,28,50.07178962481229,7,0
1848,Client_847,138,31705,Logistics,Dhule,62,58,9,5,36,75.93323729347604,5,1
1491,Client_490,589,11150,Healthcare,Shirpur,58,8,0,7,1,28.69518667892276,7,1
1431,Client_430,1732,31838,Retail,Nashik,48,51,5,4,21,37.07518143681268,4,0
1241,Client_240,1868,45752,Logistics,Nashik,52,39,18,18,17,5.6823635960582,5,1
1481,Client_480,1995,39911,Healthcare,Shirpur,57,20,7,28,28,17.35481720607963,5,0
1507,Client_506,507,39177,Logistics,Mumbai,68,47,15,22,8,44.511287453781,9,1
1741,Client_740,316,37123,Retail,Surat,37,43,0,26,34,49.00759308834434,10,0
1102,Client_101,301,15488,Healthcare,Pune,15,46,4,21,19,79.29820528791342,7,0
1237,Client_236,1406,31614,Healthcare,Nagpur,36,19,18,23,8,68.12115948183614,1,1
1994,Client_993,1993,25581,Retail,Nagpur,41,23,19,9,41,45.86612645220451,9,1
1221,Client_220,895,25128,Logistics,Shirpur,41,35,14,13,11,64.93116093289657,5,1
1911,Client_910,1453,41124,Finance,Dhule,31,27,19,6,27,13.445692201191552,7,1
1522,Client_521,570,25607,Logistics,Dhule,34,41,2,21,2,40.7859781991787,8,0
1396,Client_395,1843,30150,Retail,Mumbai,45,47,1,24,22,45.76133214372609,3,0
1830,Client_829,610,44692,Retail,Indore,31,29,11,8,22,45.05270849034925,3,1
1715,Client_714,1400,29574,Healthcare,Nagpur,31,16,14,28,30,5.018075351385091,8,1
1788,Client_787,1034,37284,Finance,Dhule,58,49,16,23,27,30.1706933180676,6,1
1036,Client_35,352,18051,Finance,Nashik,85,25,3,9,28,40.001236687314815,9,0
1210,Client_209,1962,41976,Tech,Ahmedabad,16,12,4,8,32,40.583988488339244,1,0
1708,Client_707,1749,17984,Tech,Indore,30,36,18,21,14,7.90995910466656,10,1
1332,Client_331,1943,40659,Logistics,Ahmedabad,92,8,18,1,41,66.37704810464126,3,1
1879,Client_878,784,18507,Retail,Mumbai,69,24,1,15,23,71.51236546017194,9,0
1783,Client_782,1162,49641,Healthcare,Indore,17,18,4,2,43,18.696884768982585,7,0
1678,Client_677,1958,25662,Retail,Pune,57,20,3,25,34,19.919733484627876,4,0
1705,Client_704,1319,21371,Finance,Ahmedabad,63,45,0,17,5,73.36826654472894,3,0
1744,Client_743,1921,45970,Tech,Surat,86,14,5,3,30,24.872529616658227,3,0
1539,Client_538,1465,36889,Tech,Mumbai,15,23,5,20,30,11.675730117200661,2,0
1636,Client_635,1735,20896,Logistics,Ahmedabad,83,59,19,13,16,57.35529098025512,9,1
1279,Client_278,101,12804,Healthcare,Mumbai,74,51,9,13,4,5.439854591537098,10,0
1597,Client_596,1761,6524,Healthcare,Nagpur,93,33,17,9,11,43.24888094851229,7,1
1564,Client_563,966,41397,Retail,Nashik,19,38,19,9,24,52.09690515071809,3,1
1936,Client_935,1058,10626,Retail,Indore,22,50,5,23,43,76.05709985448449,1,0
1502,Client_501,858,28236,Tech,Dhule,12,59,19,1,24,40.05405015859441,1,1
1893,Client_892,1782,16939,Tech,Ahmedabad,86,17,19,8,25,74.16674886161451,2,1
1880,Client_879,771,12059,Tech,Indore,80,49,11,11,7,33.37606862619852,2,1
1672,Client_671,1668,35907,Finance,Shirpur,75,46,0,17,15,27.36127672074167,5,0
1814,Client_813,1045,14516,Healthcare,Nagpur,73,39,8,29,7,7.114350533541662,9,0
1538,Client_537,669,21458,Finance,Surat,18,56,6,17,23,74.86583053298901,10,0
1809,Client_808,1297,8020,Retail,Nagpur,81,19,17,2,34,20.104932709541554,6,1
1444,Client_443,1172,28570,Healthcare,Shirpur,74,14,18,12,12,75.7830590258612,9,1
1070,Client_69,341,20183,Retail,Indore,73,50,0,13,7,23.018376384822794,5,0
1969,Client_968,323,20251,Tech,Nashik,22,58,9,1,8,19.281012201868265,2,0
1014,Client_13,1582,19489,Logistics,Shirpur,90,36,5,9,12,33.21428515772166,1,0
1875,Client_874,1240,30821,Tech,Dhule,85,9,11,9,17,39.36899860737859,3,1
1972,Client_971,1902,16536,Healthcare,Ahmedabad,30,58,7,11,32,65.44183768976407,1,0
1859,Client_858,555,36966,Finance,Surat,24,5,13,4,43,12.796953193429218,5,1
1722,Client_721,1019,49460,Healthcare,Indore,24,24,1,3,35,42.81975955947736,9,0
1948,Client_947,1376,43158,Retail,Ahmedabad,26,51,8,5,20,66.45708902527738,9,0
1572,Client_571,1229,18081,Logistics,Shirpur,21,56,9,10,0,44.92701761459862,2,1
1328,Client_327,246,40996,Logistics,Indore,80,44,18,7,25,13.492341744434404,4,1
1790,Client_789,1346,42784,Healthcare,Mumbai,73,18,15,19,38,37.457531128114525,7,1
1056,Client_55,931,24963,Healthcare,Nagpur,13,30,6,20,27,49.71939314245266,6,0
1451,Client_450,1169,31737,Logistics,Dhule,38,29,1,16,5,69.63828674711225,7,0
1607,Client_606,1570,29354,Tech,Nashik,79,23,9,13,39,36.63306814520944,1,1
1255,Client_254,1950,48925,Tech,Mumbai,43,18,12,21,38,42.70875813850104,8,1
1472,Client_471,1379,24694,Healthcare,Nashik,24,58,6,24,1,64.46300339551453,5,0
1395,Client_394,1286,45738,Healthcare,Nagpur,19,15,6,6,42,31.378236346910622,8,0
1942,Client_941,831,6980,Logistics,Dhule,90,5,9,25,26,30.39155205777885,1,1
1996,Client_995,1560,37981,Logistics,Dhule,21,40,8,13,8,76.13188666561197,3,0
1861,Client_860,994,17987,Finance,Surat,72,51,13,19,42,71.7665502915917,8,1
1454,Client_453,198,30522,Finance,Dhule,25,56,17,11,17,55.937877465349466,1,1
1902,Client_901,1538,36598,Logistics,Ahmedabad,41,23,18,19,13,65.95496782285096,7,1
1324,Client_323,1054,34486,Healthcare,Shirpur,38,52,1,22,5,19.975230353048502,6,0
1604,Client_603,1395,14130,Healthcare,Dhule,46,35,4,21,23,65.5030855808796,7,0
1310,Client_309,1081,15789,Retail,Ahmedabad,13,44,0,5,1,32.452119930988644,4,1
1336,Client_335,650,40442,Tech,Nagpur,10,36,11,27,10,46.69031106492195,4,1
1766,Client_765,950,23297,Healthcare,Shirpur,55,40,17,2,37,72.47093670292364,7,1
1755,Client_754,495,16593,Tech,Shirpur,52,40,9,12,36,6.5255811411633236,3,1
1471,Client_470,1284,36480,Finance,Nagpur,54,22,15,21,40,26.388994700753585,5,1
1561,Client_560,983,40796,Healthcare,Pune,68,49,6,13,19,63.596798555426915,5,0
1871,Client_870,1532,18281,Retail,Shirpur,86,55,13,20,34,57.44846908664778,2,1
1558,Client_557,873,32529,Logistics,Pune,68,58,1,3,44,22.006896305038698,10,0
1335,Client_334,1763,21478,Healthcare,Pune,78,32,15,16,1,56.965882077248914,8,1
1080,Client_79,1551,38434,Tech,Ahmedabad,32,12,9,19,1,75.16422670691429,10,1
1017,Client_16,1223,37049,Healthcare,Ahmedabad,48,25,16,20,20,65.6599583375863,2,1
1887,Client_886,1336,16383,Tech,Shirpur,68,23,14,2,4,42.6081105273433,8,1
1160,Client_159,1171,17199,Tech,Indore,83,9,6,13,40,37.275738026680436,1,0
1240,Client_239,1072,47078,Logistics,Pune,26,42,0,4,35,74.464473981097,8,1
1119,Client_118,978,7125,Tech,Ahmedabad,22,45,16,18,23,31.4173231303059,10,1
1840,Client_839,544,17713,Finance,Shirpur,33,5,3,16,16,55.34783176732098,4,0
1999,Client_998,1688,48408,Healthcare,Pune,17,39,5,20,6,10.849539980705682,6,0
1112,Client_111,1116,27195,Logistics,Pune,28,7,11,24,23,9.482170563378832,2,1
1117,Client_116,1872,33699,Finance,Nagpur,77,39,6,21,12,75.55176407924239,3,0
1410,Client_409,739,24956,Tech,Surat,56,5,6,4,5,33.421693235938065,6,0
1825,Client_824,1488,12314,Healthcare,Ahmedabad,35,39,1,12,11,9.937238252236533,3,0
1400,Client_399,1703,13577,Healthcare,Surat,20,8,13,26,29,55.777836116150766,1,1
1943,Client_942,851,31431,Tech,Dhule,63,39,11,10,39,40.507620019553656,5,1
1430,Client_429,897,46949,Healthcare,Surat,38,23,18,16,13,67.06859131105266,7,1
1700,Client_699,1725,18919,Healthcare,Surat,20,26,4,14,5,22.996167779272348,9,0
1543,Client_542,937,31657,Tech,Surat,25,41,16,16,36,16.739691006180593,1,1
1069,Client_68,113,45118,Retail,Surat,22,39,6,17,27,39.929418325062315,4,0
1767,Client_766,1629,35448,Healthcare,Indore,71,24,6,16,22,73.31181652477972,7,0
1794,Client_793,1338,34192,Logistics,Dhule,20,19,9,8,42,54.049566606518624,3,0
1398,Client_397,1804,48082,Healthcare,Mumbai,82,36,7,20,42,64.25985302945813,2,0
1855,Client_854,1761,35220,Tech,Pune,85,39,19,27,21,21.429437979491247,5,1
1681,Client_680,1291,45998,Retail,Pune,20,34,16,6,11,36.00068449033942,6,1
1589,Client_588,1112,36987,Finance,Indore,31,22,10,12,4,20.441548307494955,9,1
1285,Client_284,1348,14184,Healthcare,Nashik,48,54,8,14,32,25.301270322629833,10,0
1394,Client_393,921,18224,Logistics,Dhule,87,46,19,11,32,32.94928474206104,7,1
1574,Client_573,1782,11819,Finance,Nashik,27,40,8,22,12,34.46293073610518,2,0
1273,Client_272,1736,48303,Logistics,Mumbai,68,26,11,2,36,31.71454575960346,1,1
1914,Client_913,1067,11540,Retail,Surat,81,32,6,20,43,23.957439496337305,10,0
1658,Client_657,1139,46786,Retail,Mumbai,88,28,14,24,26,61.4545353369482,1,1
1578,Client_577,1910,36463,Finance,Nashik,76,23,5,27,34,42.73044502037068,10,0
1585,Client_584,1953,26792,Finance,Surat,30,13,0,2,12,19.332921701835872,6,0
1660,Client_659,435,39268,Finance,Indore,12,48,2,6,34,38.50791191297051,8,0
1486,Client_485,953,17175,Retail,Nagpur,85,51,6,2,40,79.19599588297888,10,0
1151,Client_150,1117,12561,Finance,Shirpur,58,42,15,4,38,7.436494751762372,8,1
1041,Client_40,1182,11941,Finance,Nagpur,90,43,2,9,9,43.152948816220004,6,0
1630,Client_629,1011,17254,Tech,Indore,29,57,14,13,22,20.770713342639603,3,1
1524,Client_523,1215,33529,Logistics,Dhule,17,27,12,9,38,22.667445094587595,7,1
1054,Client_53,1690,24856,Tech,Surat,43,8,4,7,15,25.524978869109326,4,0
1233,Client_232,289,24216,Logistics,Nashik,37,46,8,3,16,79.89206049392214,2,0
1544,Client_543,1906,44952,Finance,Indore,12,31,4,6,27,32.497827507234234,8,0
1986,Client_985,484,35015,Healthcare,Shirpur,61,54,9,21,0,61.87885786924384,10,1
1922,Client_921,1471,28411,Tech,Nashik,68,19,6,14,22,16.05904380696012,7,0
1234,Client_233,1348,32534,Healthcare,Ahmedabad,24,58,0,20,4,6.861290858386186,1,1
1723,Client_722,291,38933,Finance,Shirpur,85,43,0,9,23,69.9233777279549,7,0
1034,Client_33,1437,31698,Finance,Surat,72,28,3,9,7,76.30585349095038,8,0
1153,Client_152,1151,21616,Finance,Mumbai,80,50,2,4,11,45.43953455954858,4,0
1268,Client_267,1633,25611,Finance,Ahmedabad,19,35,17,8,12,23.011369701651063,4,1
1526,Client_525,933,32856,Finance,Shirpur,67,18,1,19,1,69.46272317186735,3,0
1154,Client_153,234,31734,Logistics,Indore,12,56,15,10,6,77.66110179333533,10,1
1341,Client_340,572,10779,Finance,Indore,65,58,5,12,20,44.35042300142167,1,0
1047,Client_46,1906,36703,Healthcare,Dhule,92,32,10,24,36,26.470989658395567,5,1
1501,Client_500,1805,47880,Healthcare,Indore,92,51,2,12,13,28.768476036390823,2,0
1901,Client_900,1266,12813,Finance,Ahmedabad,86,47,15,12,27,18.230893282091465,6,1
1467,Client_466,290,15998,Healthcare,Pune,92,21,6,22,28,26.513498423539996,9,0
1248,Client_247,417,13567,Finance,Nagpur,32,58,7,4,41,19.137488959667085,2,0
1673,Client_672,1056,18409,Tech,Pune,83,31,15,1,25,14.484818405267836,3,1
1750,Client_749,496,20934,Finance,Indore,63,18,16,2,11,53.4535208072447,9,1
1115,Client_114,1848,5055,Finance,Dhule,56,53,15,25,44,28.594072506054985,7,1
1322,Client_321,759,48872,Finance,Indore,47,18,1,23,29,12.638544885678705,9,0
1601,Client_600,587,42904,Tech,Pune,37,46,17,29,38,33.76755432554691,7,1
1963,Client_962,1242,44110,Finance,Nagpur,11,50,17,24,42,46.42535100916271,4,1
1695,Client_694,948,42114,Finance,Nashik,47,51,18,25,8,40.302946048695304,3,1
1157,Client_156,879,19369,Finance,Nagpur,89,29,12,12,36,46.376597585484625,3,1
1184,Client_183,492,18046,Tech,Surat,82,12,14,15,35,43.78489190079785,1,1
1889,Client_888,863,28821,Finance,Mumbai,22,31,16,27,33,35.717069544688194,7,1
1351,Client_350,1116,7443,Finance,Indore,41,12,19,21,8,72.10606781234758,8,1
1263,Client_262,1953,20524,Logistics,Mumbai,42,19,18,11,41,58.47607188963056,6,1
1478,Client_477,665,40822,Healthcare,Nagpur,66,39,2,14,21,13.46304083876633,5,0
1104,Client_103,369,10240,Retail,Nashik,66,30,11,0,0,42.364197438048436,3,1
1588,Client_587,1516,6762,Retail,Shirpur,16,54,17,18,30,62.542504561941726,6,1
1916,Client_915,1071,21422,Healthcare,Shirpur,66,24,18,5,41,33.73733514193444,4,1
1776,Client_775,990,12906,Healthcare,Dhule,82,8,5,10,17,16.613201121517058,3,0
1778,Client_777,1607,38660,Logistics,Pune,60,44,12,25,9,32.37856750194511,7,1
1320,Client_319,1472,37265,Retail,Nashik,47,17,16,1,33,23.585933218018013,4,1
1531,Client_530,1788,46196,Tech,Dhule,90,41,0,1,8,77.43278329132153,5,1
1169,Client_168,825,15554,Retail,Nashik,50,31,10,14,0,56.45683654576151,5,1
1488,Client_487,1061,26389,Finance,Dhule,45,46,8,20,15,31.6261449602185,1,0
1756,Client_755,544,45042,Retail,Indore,31,49,18,3,14,20.389035717860523,7,1
1613,Client_612,253,24933,Retail,Dhule,55,35,3,16,4,8.926038382348482,3,0
1232,Client_231,1354,48336,Tech,Nashik,34,5,11,5,42,9.999487236747957,4,1
1924,Client_923,189,8093,Retail,Dhule,58,59,10,15,22,47.431047991335944,2,1
1449,Client_448,257,11645,Logistics,Shirpur,12,59,6,28,2,13.49325887298649,6,0
1510,Client_509,1629,16382,Healthcare,Nagpur,13,40,17,20,20,21.45420418971847,4,1
1581,Client_580,1469,7711,Finance,Mumbai,70,56,17,27,4,30.516724583844276,9,1
1945,Client_944,1008,46752,Tech,Pune,10,12,11,0,3,70.16008218633652,1,1
1726,Client_725,1222,39801,Finance,Nagpur,90,55,15,16,24,31.730355188724854,7,1
1919,Client_918,472,40612,Tech,Shirpur,41,43,10,27,10,17.80761950025027,5,1
1704,Client_703,716,46773,Finance,Mumbai,64,31,19,4,36,55.02776428440154,8,1
1822,Client_821,438,31572,Tech,Pune,45,44,16,2,2,43.78384481426896,3,1
1330,Client_329,963,19382,Finance,Nashik,56,32,0,18,5,41.380468185702156,3,0
1752,Client_751,1142,46844,Healthcare,Ahmedabad,84,16,9,11,30,74.9486075406859,3,0
1379,Client_378,1545,41244,Retail,Surat,41,27,2,17,6,65.57767767830427,9,0
1532,Client_531,1821,39072,Tech,Nashik,92,33,1,29,20,21.14517843393757,7,0
1397,Client_396,1056,39393,Tech,Ahmedabad,43,21,6,11,32,10.455219633289737,2,0
1751,Client_750,798,43197,Retail,Surat,35,38,0,23,14,16.295821480138933,7,0
1090,Client_89,1121,28061,Healthcare,Pune,92,20,14,7,5,7.088078844693972,9,1
1971,Client_970,276,8224,Finance,Surat,94,56,5,29,28,5.03011580190049,1,0
1603,Client_602,996,5060,Healthcare,Surat,10,46,16,27,31,72.21771868595998,9,1
1178,Client_177,1341,32139,Tech,Mumbai,31,44,15,25,21,54.34624334034442,4,1
1435,Client_434,1604,32965,Retail,Shirpur,22,27,16,19,24,11.727568926113435,3,1
1271,Client_270,1510,22449,Logistics,Surat,28,10,6,17,32,48.270209250862976,10,0
1038,Client_37,956,11949,Retail,Dhule,64,6,6,24,14,7.817467215798544,1,0
1734,Client_733,1859,28895,Logistics,Nashik,52,6,8,12,7,8.00518147612,6,0
1261,Client_260,1815,28325,Logistics,Ahmedabad,71,51,0,24,37,5.637168395540713,9,0
1768,Client_767,1490,31172,Logistics,Pune,16,22,12,8,25,75.74825839056123,1,1
1810,Client_809,1776,46755,Healthcare,Pune,49,47,19,23,36,76.92681319797245,8,1
1898,Client_897,1356,32083,Retail,Mumbai,48,57,1,27,27,46.99178988843391,1,0
1347,Client_346,1887,17999,Healthcare,Mumbai,61,13,9,11,42,38.73529930283215,5,1
1865,Client_864,447,10445,Tech,Pune,41,33,19,14,22,39.6354861171514,6,1
1551,Client_550,1176,45760,Finance,Indore,51,40,16,4,26,11.405636210619896,7,1
1355,Client_354,996,49241,Healthcare,Pune,58,43,7,24,18,72.21925373536841,6,0
1591,Client_590,1181,17112,Tech,Nagpur,62,24,9,19,39,39.911522932977455,6,1
1624,Client_623,193,25491,Finance,Dhule,17,21,16,27,4,33.45241986531399,7,1
1784,Client_783,208,22674,Logistics,Indore,88,10,1,2,11,48.04813812738064,4,0
1235,Client_234,1508,19231,Finance,Nagpur,13,46,18,0,44,67.64330451191492,3,1
1738,Client_737,1818,48001,Tech,Surat,29,41,10,5,18,55.00316415473426,6,1
1807,Client_806,1353,45996,Finance,Mumbai,46,44,16,12,7,71.7311742721535,7,1
1668,Client_667,1787,26776,Retail,Surat,70,49,5,5,23,44.850496492745684,7,0
1546,Client_545,1102,36896,Tech,Ahmedabad,73,56,19,7,10,16.954616357855166,2,1
1803,Client_802,1053,8972,Healthcare,Ahmedabad,61,49,17,24,4,49.43622454261973,7,1
1317,Client_316,286,43141,Finance,Mumbai,64,39,0,3,9,28.126409125714904,1,0
1786,Client_785,1165,28874,Logistics,Surat,62,20,3,25,38,46.75319424146404,1,0
1257,Client_256,1795,26852,Retail,Mumbai,84,10,7,17,10,38.154965983855625,4,0
1356,Client_355,1427,22368,Healthcare,Ahmedabad,67,46,8,17,4,56.42845766185107,2,0
1523,Client_522,1266,42599,Finance,Shirpur,45,34,14,9,11,14.816085391518198,4,1
1164,Client_163,1851,20913,Logistics,Shirpur,52,52,16,23,19,51.157168627469495,8,1
1689,Client_688,1425,18737,Logistics,Ahmedabad,30,44,12,22,5,45.245563194783074,9,1
1195,Client_194,1364,27350,Healthcare,Dhule,19,9,7,29,43,33.77067802663688,10,0
1216,Client_215,781,6828,Healthcare,Dhule,19,35,9,27,18,69.08865769330622,3,0
1290,Client_289,1176,23381,Logistics,Mumbai,18,18,12,19,2,60.46724360834511,9,1
1105,Client_104,1986,48221,Healthcare,Nagpur,37,24,10,11,16,29.714781033049753,6,1
1364,Client_363,1356,20343,Finance,Shirpur,48,9,19,3,31,23.83940034533504,4,1
1387,Client_386,198,7708,Finance,Mumbai,27,13,12,29,4,44.56847168190128,6,1
1006,Client_5,1195,22100,Healthcare,Nagpur,57,46,12,25,4,59.34184318691137,1,1
1569,Client_568,368,26172,Finance,Dhule,90,40,7,16,40,73.17541916267773,10,0
1955,Client_954,549,10776,Tech,Dhule,17,30,11,17,2,69.70780830944192,8,1
1908,Client_907,570,16745,Logistics,Mumbai,37,52,3,12,24,32.67632993083795,5,0
1780,Client_779,1274,42443,Tech,Indore,46,18,13,14,8,51.73793183991404,1,1
1714,Client_713,828,44837,Logistics,Surat,83,13,6,11,23,45.01658251651846,10,0
1929,Client_928,639,37347,Logistics,Ahmedabad,61,31,8,28,8,23.353669776777572,5,0
1801,Client_800,1132,19663,Retail,Surat,19,38,4,9,22,14.532696032805529,4,0
1617,Client_616,1209,31212,Tech,Indore,65,36,9,7,9,41.2299683894977,10,0
1482,Client_481,785,26591,Retail,Ahmedabad,75,10,6,18,34,37.23734431347519,8,0
1984,Client_983,1222,41935,Logistics,Surat,42,49,7,11,31,27.609213980800096,10,0
1511,Client_510,1002,19596,Retail,Shirpur,69,25,17,12,0,39.826268741160625,1,1
1549,Client_548,1092,45809,Retail,Dhule,51,29,15,5,39,17.52126342758519,7,1
1847,Client_846,1654,41766,Finance,Dhule,64,51,16,13,23,14.471260443842672,3,1
1512,Client_511,1948,38572,Healthcare,Surat,84,12,13,16,20,37.49381992317709,9,1
1729,Client_728,1108,30280,Tech,Indore,59,58,14,18,17,66.25950271807605,3,1
1475,Client_474,117,44986,Logistics,Dhule,62,53,0,23,15,22.42172405723395,6,1
1496,Client_495,1934,41220,Finance,Pune,54,31,16,12,30,68.79351479799496,4,1
1950,Client_949,1717,23639,Tech,Pune,67,15,16,1,32,13.98199748241479,9,1
1528,Client_527,826,17808,Retail,Pune,71,11,19,16,22,41.16689227529949,4,1
1346,Client_345,362,49165,Tech,Surat,72,35,6,29,29,11.405186321815536,3,0
1381,Client_380,1975,6645,Healthcare,Mumbai,32,36,13,12,31,9.74400566740097,5,1
1477,Client_476,1858,25059,Tech,Indore,39,22,3,17,34,29.619131695800277,3,0
1470,Client_469,1027,13519,Finance,Surat,50,46,19,5,12,17.304769119900136,8,1
1885,Client_884,179,14077,Retail,Ahmedabad,48,55,9,21,26,62.78283520942527,1,1
1277,Client_276,798,44711,Retail,Dhule,12,38,7,1,43,36.518720135565644,7,0
1594,Client_593,1874,5481,Retail,Nashik,13,41,5,16,23,20.515390656671585,8,0
1209,Client_208,1283,31386,Healthcare,Indore,77,17,12,27,13,11.00475518967242,6,1
1917,Client_916,1531,8342,Healthcare,Surat,15,23,5,4,19,64.59971692984168,3,0
1015,Client_14,187,48125,Tech,Dhule,75,33,9,23,15,32.550538645795996,1,1
1836,Client_835,1193,7469,Tech,Nagpur,78,31,16,24,27,29.33799868767105,4,1
1442,Client_441,646,12311,Finance,Mumbai,58,51,15,17,1,17.073832376553106,6,1
1413,Client_412,559,33734,Logistics,Shirpur,28,52,2,9,23,66.34726207618652,5,0
1065,Client_64,1397,17015,Healthcare,Pune,78,40,11,18,25,39.3653603939162,3,1
1686,Client_685,496,12564,Healthcare,Dhule,68,36,14,26,16,62.84323055248835,5,1
1590,Client_589,1764,20850,Tech,Indore,83,9,0,11,23,29.126477652598204,2,1
1629,Client_628,1327,10895,Finance,Surat,36,43,8,8,28,8.634817435686674,1,0
1390,Client_389,1013,36880,Logistics,Surat,39,24,11,19,21,69.83022403957983,10,1
1343,Client_342,1538,19153,Finance,Mumbai,34,28,8,26,39,30.349908577136752,6,0
1649,Client_648,1346,49813,Tech,Indore,57,36,8,22,32,70.03641132508415,5,0
1033,Client_32,559,42441,Healthcare,Surat,90,15,16,15,19,19.500442520903913,1,1
1579,Client_578,1727,33769,Tech,Surat,47,42,13,8,11,11.218593604586086,1,1
1974,Client_973,1405,18547,Logistics,Shirpur,90,15,10,9,33,19.36172111810896,10,1
1429,Client_428,1400,6759,Tech,Nagpur,70,14,16,8,34,10.664531451941516,2,1
1474,Client_473,227,11722,Finance,Mumbai,20,20,12,4,44,78.1315377280761,9,1
1537,Client_536,413,13996,Logistics,Indore,80,50,17,6,1,35.375082394066126,6,1
1907,Client_906,755,49569,Finance,Mumbai,76,30,12,25,43,76.04801744277216,10,1
1749,Client_748,1465,19899,Tech,Ahmedabad,45,28,3,21,18,34.610546215869206,1,0
1505,Client_504,1941,42609,Retail,Mumbai,73,16,19,22,25,28.46334710042511,1,1
1694,Client_693,826,5545,Logistics,Dhule,93,46,6,12,1,37.20859228090269,8,0
1837,Client_836,1375,27534,Finance,Pune,73,29,2,11,13,75.88418365586652,8,0
1045,Client_44,799,22715,Logistics,Shirpur,77,23,17,22,19,19.2451057745765,3,1
1316,Client_315,1247,7336,Tech,Mumbai,10,5,2,8,43,75.24276635531294,9,0
1011,Client_10,566,31657,Logistics,Pune,72,35,9,5,36,63.34320550614026,8,1
1732,Client_731,762,9494,Logistics,Mumbai,42,35,0,8,8,50.2852309132815,2,0
1010,Client_9,221,47783,Logistics,Mumbai,74,47,5,17,15,41.395005675696616,9,0
1661,Client_660,1882,11737,Logistics,Indore,89,23,18,24,36,5.532239937116538,5,1
1964,Client_963,1115,22343,Healthcare,Nagpur,91,57,4,10,39,8.788060312421159,4,0
1204,Client_203,1778,27700,Tech,Surat,39,32,5,11,8,32.88775884248146,1,0
1212,Client_211,1366,7048,Tech,Mumbai,18,32,17,4,38,11.357461581974988,1,1
1288,Client_287,1761,39016,Tech,Nashik,63,21,15,15,11,71.12817272289385,3,1
1468,Client_467,352,35678,Logistics,Nagpur,28,6,7,19,17,26.03412985700415,7,0
1152,Client_151,140,13258,Retail,Ahmedabad,85,19,12,12,2,49.64576308280409,5,1
1576,Client_575,219,29762,Tech,Nashik,71,43,3,0,11,48.35540765093094,4,0
1709,Client_708,1616,38039,Tech,Mumbai,53,30,17,21,44,19.0079396173347,7,1
1739,Client_738,1648,6828,Finance,Indore,47,32,6,3,29,26.32162168215945,6,0
1428,Client_427,325,14984,Retail,Pune,73,27,13,16,11,62.92006676281294,2,1
1820,Client_819,1288,35561,Logistics,Mumbai,37,27,19,19,21,35.60303462021125,10,1
1899,Client_898,1428,26510,Logistics,Pune,81,49,3,20,38,41.48037766521337,4,0
1207,Client_206,1159,35105,Healthcare,Surat,74,43,6,15,36,63.53533537851162,3,0
1206,Client_205,640,11469,Healthcare,Mumbai,37,16,15,4,13,21.63346189501598,6,1
1053,Client_52,1999,44811,Logistics,Surat,23,56,3,6,28,10.481381826961268,9,0
1693,Client_692,134,13502,Retail,Dhule,51,58,15,5,24,27.740614531975616,2,1
1325,Client_324,502,11371,Finance,Pune,14,19,18,29,2,32.84531903790453,1,1
1690,Client_689,1376,14323,Logistics,Nashik,21,37,3,1,23,75.1116530332851,3,0
1452,Client_451,1496,16485,Finance,Nagpur,41,18,3,3,18,40.78323632704446,6,0
1175,Client_174,742,6605,Tech,Surat,39,44,11,3,18,10.291254778242093,3,1
1831,Client_830,1450,38130,Finance,Pune,11,35,0,19,28,70.95970201339192,6,0
1327,Client_326,1634,45631,Healthcare,Nagpur,30,8,15,14,2,59.41011263376221,6,1
1835,Client_834,1927,8738,Retail,Nagpur,71,9,10,15,29,25.860773033668313,7,1
1951,Client_950,982,24994,Logistics,Indore,81,43,16,26,9,44.89497331645936,9,1
1081,Client_80,608,9188,Healthcare,Nagpur,11,28,0,16,24,73.41556784368866,8,0
1567,Client_566,1943,43709,Tech,Pune,88,58,8,11,25,52.541709637433144,5,0
1088,Client_87,1511,42545,Finance,Surat,76,13,0,14,24,50.04010761548111,6,0
1180,Client_179,866,15589,Retail,Mumbai,15,14,8,4,42,53.563984667762234,10,0
1540,Client_539,404,31665,Finance,Surat,38,17,13,21,32,43.36442306071198,3,1
1005,Client_4,1230,39816,Healthcare,Surat,77,44,19,29,7,11.24432435379741,3,1
1779,Client_778,1688,15222,Healthcare,Nagpur,93,55,7,21,34,37.43278750373773,1,0
1954,Client_953,1938,44341,Logistics,Surat,81,16,0,14,21,55.1410021335489,6,1
1716,Client_715,1120,8430,Logistics,Dhule,92,30,11,15,28,23.09332520285209,9,1
1305,Client_304,379,10408,Tech,Pune,31,40,13,21,1,23.89986662330538,9,1
1026,Client_25,1537,24198,Retail,Surat,82,55,5,26,7,53.5790040815459,1,0
1278,Client_277,212,16954,Retail,Surat,83,30,18,8,4,47.15831619674221,8,1
1365,Client_364,1222,43727,Healthcare,Indore,31,57,4,11,25,29.042568951237428,1,0
1345,Client_344,1734,15789,Finance,Surat,70,47,10,15,21,49.05274014316827,8,1
1419,Client_418,1793,32696,Logistics,Mumbai,38,13,18,7,9,22.40589333996238,3,1
1754,Client_753,1735,39157,Finance,Ahmedabad,49,10,14,7,36,59.714106648232885,6,1
1289,Client_288,1253,16246,Healthcare,Shirpur,46,18,12,11,28,75.64291904453151,10,1
1834,Client_833,1255,25670,Logistics,Nashik,55,49,2,17,6,10.284550825021872,10,0
1680,Client_679,1540,17651,Finance,Ahmedabad,33,58,10,3,39,9.551230171301174,4,1
1156,Client_155,1963,31069,Finance,Dhule,44,50,13,19,32,9.770107728334802,4,1
1858,Client_857,575,39832,Finance,Indore,24,7,8,7,17,62.74802136549507,6,0
1458,Client_457,1472,42641,Finance,Surat,82,39,10,0,4,26.55519003841119,8,1
1280,Client_279,741,11565,Healthcare,Indore,17,9,6,3,30,10.888240134020739,7,0
1832,Client_831,316,37088,Finance,Shirpur,40,26,11,24,16,35.751784005630725,2,1
1777,Client_776,1592,12287,Retail,Ahmedabad,44,25,8,26,13,18.719219447156355,1,0
1012,Client_11,1338,41187,Logistics,Indore,60,21,14,23,2,33.67724982962209,1,1
1185,Client_184,306,29818,Logistics,Shirpur,57,59,4,12,3,13.779830973639699,6,0
1980,Client_979,788,40201,Healthcare,Indore,83,32,3,5,43,53.11847609325457,2,0
1806,Client_805,1376,34125,Finance,Nagpur,12,27,13,15,13,22.747484860250665,1,1
1350,Client_349,723,29938,Tech,Dhule,55,6,17,2,33,42.09477895728191,7,1
1142,Client_141,692,6062,Healthcare,Nagpur,78,25,7,23,9,63.09894648447632,5,0
1393,Client_392,1829,37409,Logistics,Ahmedabad,51,7,8,12,27,6.209348477916117,5,0
1713,Client_712,1543,42129,Healthcare,Surat,63,44,12,28,30,33.26079708306594,10,1
1727,Client_726,1671,37913,Retail,Ahmedabad,55,40,13,19,31,61.073886842373334,9,1
1527,Client_526,1923,7573,Retail,Shirpur,54,14,7,8,21,58.23387876679794,6,0
1802,Client_801,1197,26754,Tech,Ahmedabad,41,9,12,0,12,31.754237698167977,5,1
1466,Client_465,1239,49039,Finance,Surat,38,59,15,13,27,79.94054742075807,5,1
1854,Client_853,1343,26727,Finance,Dhule,27,20,15,14,10,61.53602847337767,9,1
1046,Client_45,1075,33920,Finance,Pune,27,42,19,1,44,39.55341285112066,5,1
1114,Client_113,395,22022,Healthcare,Dhule,75,20,9,4,43,29.680533459554592,1,0
1031,Client_30,376,44764,Logistics,Indore,61,39,1,19,7,31.95678701231128,6,0
1293,Client_292,1795,9018,Healthcare,Dhule,68,48,4,9,8,35.77277914044966,8,0
1176,Client_175,1892,10622,Finance,Ahmedabad,62,27,16,10,0,75.05247433479795,9,1
1174,Client_173,1585,31900,Logistics,Nagpur,75,26,17,0,15,45.35907575298599,5,1
1592,Client_591,733,29058,Tech,Mumbai,88,27,8,0,32,75.7396887270088,2,0
1873,Client_872,1028,38339,Retail,Indore,82,7,16,29,41,8.89745735983852,2,1
1072,Client_71,1469,11090,Healthcare,Mumbai,28,32,5,23,28,39.15991790047713,9,0
1550,Client_549,363,21725,Healthcare,Nashik,85,10,17,24,40,14.086659594573906,1,1
1027,Client_26,905,24758,Tech,Shirpur,22,58,19,17,32,7.197458232756377,7,1
1135,Client_134,1467,44650,Tech,Mumbai,71,52,5,21,14,62.51366733633298,9,0
1423,Client_422,662,29917,Finance,Ahmedabad,43,37,8,6,13,36.133038264119946,6,0
1275,Client_274,1051,34287,Finance,Indore,86,27,18,24,43,47.00869872570113,4,1
1445,Client_444,1635,23449,Finance,Pune,71,18,9,13,33,5.287271787524193,9,0
1348,Client_347,243,5814,Retail,Indore,34,43,9,29,29,61.726704105772576,7,1
1166,Client_165,198,24123,Finance,Ahmedabad,48,51,11,7,31,8.081177371666646,2,1
1648,Client_647,1303,21774,Finance,Mumbai,39,32,18,21,22,65.89758067931012,5,1
1380,Client_379,203,41185,Finance,Dhule,55,10,15,4,25,23.47611854317264,7,1
1479,Client_478,669,18575,Logistics,Mumbai,27,57,2,5,35,70.25186941401242,2,0
1296,Client_295,346,46157,Finance,Mumbai,70,23,1,25,2,19.329660450976863,2,0
1966,Client_965,473,46652,Logistics,Indore,39,20,1,19,28,59.02799095491522,5,0
1518,Client_517,611,34975,Logistics,Nagpur,40,58,17,18,27,63.04963154705067,1,1
1089,Client_88,1125,41668,Finance,Dhule,25,51,10,12,2,44.75392544092856,5,1
1342,Client_341,250,17298,Finance,Shirpur,32,12,5,14,35,52.95311004070816,4,0
1719,Client_718,1517,37733,Finance,Mumbai,80,36,3,12,16,65.4429381900081,2,0
1728,Client_727,1077,45600,Logistics,Dhule,23,28,2,5,17,46.3017908521096,8,0
1476,Client_475,1916,29160,Healthcare,Ahmedabad,55,55,7,20,23,71.09731592105688,9,0
1818,Client_817,1640,6591,Tech,Nagpur,19,50,4,9,33,59.02500268744947,1,0
1651,Client_650,1782,13820,Retail,Nashik,47,51,1,19,39,8.522331680575046,3,0
1692,Client_691,853,49481,Healthcare,Indore,13,45,13,17,19,68.19008812638512,3,1
1337,Client_336,437,44666,Logistics,Shirpur,77,49,7,25,38,57.464590280192894,8,0
1134,Client_133,620,28333,Retail,Ahmedabad,17,59,2,4,0,76.06738447430322,7,0
1562,Client_561,1473,29027,Tech,Dhule,11,23,4,4,37,6.455093421366158,5,0
1988,Client_987,922,22773,Retail,Nagpur,63,47,13,16,32,47.773438086987795,9,1
1093,Client_92,1229,44144,Logistics,Surat,89,28,6,9,17,52.13779250626759,8,0
1388,Client_387,252,16694,Retail,Mumbai,31,41,3,3,25,54.15769838304959,8,0
1211,Client_210,1822,44051,Logistics,Shirpur,58,58,19,11,34,5.747692605088887,9,1
1048,Client_47,289,47318,Retail,Nagpur,52,6,13,19,21,23.559723592485977,10,1
1378,Client_377,1543,27116,Logistics,Ahmedabad,22,33,7,16,22,30.92202777771192,6,0
1291,Client_290,1807,41455,Finance,Dhule,91,17,16,4,25,11.496482064102052,10,1
1905,Client_904,1689,34241,Finance,Indore,47,12,13,26,41,62.46178261870835,6,1
1554,Client_553,1743,34402,Tech,Nagpur,20,36,15,3,38,36.22136964082661,6,1
1145,Client_144,518,9632,Tech,Dhule,50,53,14,22,33,13.605646875364393,4,1
1657,Client_656,615,22905,Tech,Dhule,64,46,13,23,18,6.509129138980553,2,1
1258,Client_257,1731,13007,Tech,Shirpur,70,39,11,15,13,30.057848906492243,2,1
1884,Client_883,1272,13073,Healthcare,Ahmedabad,64,8,1,15,3,79.37646052945517,10,0
1473,Client_472,1446,8300,Tech,Surat,12,15,8,27,36,72.93175929773359,1,0
1183,Client_182,894,32446,Retail,Indore,19,53,5,20,35,74.3493957186685,2,0
1406,Client_405,1515,9971,Retail,Shirpur,37,26,16,9,25,65.66439042751739,7,1
1851,Client_850,272,31123,Retail,Nashik,31,33,7,21,33,24.861224133373913,7,0
1640,Client_639,456,42641,Logistics,Shirpur,25,30,16,6,13,37.03343348145006,7,1
1619,Client_618,1408,11960,Tech,Pune,38,56,7,29,17,78.33902701263364,6,0
1863,Client_862,1124,36575,Logistics,Dhule,22,21,0,21,39,66.7070182274249,10,1
1798,Client_797,757,45059,Finance,Pune,43,58,9,11,20,11.820158743478085,8,0
1109,Client_108,1585,34721,Tech,Mumbai,42,7,16,24,40,71.18308935106863,7,1
1541,Client_540,1815,43243,Finance,Dhule,67,46,7,26,38,73.88911478323409,2,0
1331,Client_330,1834,23755,Healthcare,Shirpur,93,20,9,10,42,45.56202979786548,7,0
1408,Client_407,1318,6990,Healthcare,Nagpur,81,39,1,12,37,47.84096883136379,9,0
1797,Client_796,1966,30559,Logistics,Indore,67,45,17,12,21,11.43457136746171,5,1
1063,Client_62,940,44037,Finance,Surat,92,21,10,19,23,77.6314347875306,6,1
1287,Client_286,1526,7192,Tech,Indore,37,8,7,9,29,47.669105438353725,3,0
1504,Client_503,1990,24978,Healthcare,Mumbai,87,44,2,23,2,77.12085816908352,8,0
1815,Client_814,894,7396,Finance,Nagpur,17,21,12,6,16,23.355880972769544,9,1
1039,Client_38,1684,47289,Retail,Pune,73,44,17,19,29,58.78860852850683,9,1
1600,Client_599,1724,40111,Logistics,Pune,42,17,12,26,41,74.75040333433044,6,1
1201,Client_200,1530,5846,Healthcare,Surat,57,55,15,9,16,21.327484914292434,9,1
1300,Client_299,1307,29519,Retail,Indore,45,39,10,26,38,33.801430547371865,9,1
1340,Client_339,1902,39884,Healthcare,Mumbai,36,7,12,14,17,54.93239301990255,9,1
1414,Client_413,1054,9757,Finance,Nashik,76,59,2,5,17,74.74413223592485,9,0
1987,Client_986,504,34009,Healthcare,Indore,18,32,11,20,42,50.45103739520609,10,1
1321,Client_320,1894,42380,Tech,Pune,10,10,10,16,36,7.725556123718184,10,1
1302,Client_301,500,26951,Tech,Nashik,88,39,5,2,34,61.17492630537177,7,0
1224,Client_223,1679,27422,Finance,Dhule,47,16,14,6,13,68.3997481766545,1,1
1197,Client_196,1120,5117,Healthcare,Mumbai,88,52,0,3,38,58.60220667549666,10,1
1480,Client_479,1446,12970,Tech,Shirpur,60,30,12,24,10,52.707922598271395,10,1
1650,Client_649,861,42198,Finance,Dhule,44,5,9,15,38,55.47561247165078,2,0
1645,Client_644,1960,27297,Healthcare,Surat,30,21,2,1,38,62.472805333917506,5,0
1515,Client_514,119,12083,Finance,Nagpur,71,20,14,16,5,36.9738720493026,4,1
1313,Client_312,243,49028,Tech,Shirpur,63,11,16,3,12,13.756092707659665,5,1
1838,Client_837,1538,14017,Healthcare,Nagpur,19,12,7,6,43,26.20005204058693,4,0
1895,Client_894,1564,26730,Healthcare,Surat,23,32,2,26,33,33.49432182215109,2,0
1724,Client_723,838,29951,Finance,Nagpur,31,6,15,6,44,23.10122778781249,2,1
1412,Client_411,787,42148,Tech,Surat,71,26,5,9,41,39.4509507629617,1,0
1121,Client_120,891,21748,Tech,Dhule,63,48,12,2,34,34.70408580766001,1,1
1731,Client_730,1787,40400,Healthcare,Nagpur,59,6,1,9,25,64.44968575637128,2,0
1469,Client_468,1080,15682,Tech,Nagpur,75,16,18,19,11,16.981209517545814,7,1
1113,Client_112,1825,5302,Retail,Shirpur,78,31,5,15,21,71.64494603278644,1,0
1129,Client_128,114,24181,Retail,Shirpur,33,16,14,10,14,39.89581484569425,4,1
1422,Client_421,1488,42011,Logistics,Nagpur,10,18,15,16,5,69.27717712479334,9,1
1358,Client_357,1775,31215,Tech,Nashik,89,39,8,27,14,11.65799502171745,4,0
1238,Client_237,732,41258,Logistics,Pune,35,21,17,8,32,46.596536840835874,2,1
1424,Client_423,537,36195,Healthcare,Surat,57,22,3,13,21,11.700492671890013,2,0
1415,Client_414,569,24097,Retail,Nagpur,83,15,17,26,26,45.881255964491764,8,1
1161,Client_160,602,20728,Tech,Shirpur,47,10,5,17,6,29.022405687255688,3,0
1111,Client_110,1375,19178,Tech,Pune,59,9,1,17,10,70.50208383810785,2,0
1231,Client_230,1596,6342,Tech,Ahmedabad,94,5,12,9,9,19.018047233758864,2,1
1131,Client_130,164,6531,Logistics,Surat,72,8,18,27,14,24.670574136123868,3,1
1057,Client_56,1628,41932,Retail,Nagpur,68,53,15,1,37,58.23028136007652,6,1
1130,Client_129,1936,43638,Logistics,Indore,91,27,2,11,15,9.367837311520642,4,0
1498,Client_497,1299,18859,Finance,Ahmedabad,29,19,15,19,25,66.94161698201108,8,1
1082,Client_81,875,15161,Tech,Pune,31,20,9,10,8,20.70112995380741,1,1
1656,Client_655,1448,13007,Finance,Mumbai,41,6,5,14,16,71.18713288011023,3,0
1487,Client_486,1786,46124,Retail,Mumbai,66,52,11,9,42,9.105873669469634,10,1
1050,Client_49,786,9854,Finance,Mumbai,87,59,15,29,22,53.82288089139084,4,1
1165,Client_164,904,40240,Logistics,Indore,64,48,4,6,35,35.42858181357108,7,0
1506,Client_505,1020,20358,Finance,Mumbai,49,17,13,15,17,12.353340358320487,10,1
1124,Client_123,287,20034,Tech,Shirpur,23,38,9,26,35,33.916437611875196,1,1
1575,Client_574,756,30712,Logistics,Dhule,71,13,10,16,18,18.473841346650644,9,1
1632,Client_631,573,6750,Tech,Mumbai,52,47,9,18,14,51.166446739488435,4,0
1421,Client_420,329,24816,Tech,Mumbai,22,27,14,27,28,66.78083464342248,1,1
1517,Client_516,1899,22771,Healthcare,Shirpur,18,32,14,1,35,28.735158804612393,4,1
1957,Client_956,923,8380,Logistics,Nashik,68,50,3,0,40,65.93102432179253,5,0
1635,Client_634,650,10319,Logistics,Pune,70,15,5,4,20,53.68654736231545,4,0
1308,Client_307,1733,5922,Finance,Ahmedabad,66,52,2,16,30,45.011015655858714,5,0
1516,Client_515,420,48861,Healthcare,Nagpur,58,40,5,28,43,30.027815568172244,1,0
1215,Client_214,677,47533,Logistics,Mumbai,10,43,1,21,40,73.63541153036721,7,0
1622,Client_621,1170,41408,Healthcare,Mumbai,27,6,3,3,3,26.890038277729982,9,0
1391,Client_390,977,44224,Tech,Dhule,90,10,4,19,14,28.202642156000962,9,0
1188,Client_187,1677,15787,Finance,Ahmedabad,68,49,12,26,15,49.43701093823038,5,1
1867,Client_866,604,49486,Finance,Dhule,49,10,19,6,33,48.57264399736943,9,1
1059,Client_58,1608,12941,Tech,Indore,92,40,15,14,13,43.86542991368906,1,1
1795,Client_794,832,47520,Healthcare,Nagpur,59,48,12,24,14,51.39388618040865,1,1
1995,Client_994,870,35087,Retail,Surat,24,37,6,4,33,26.263039270320455,4,0
1318,Client_317,1449,7243,Tech,Shirpur,12,36,3,6,42,70.21558766444137,2,0
1123,Client_122,863,9621,Finance,Nashik,88,51,4,7,27,36.85956359985588,2,0
1944,Client_943,1024,24440,Healthcare,Ahmedabad,45,44,5,26,9,50.98777705573378,3,0
1259,Client_258,1595,46832,Retail,Dhule,59,50,7,7,2,44.1373156478892,5,0
1306,Client_305,1960,30053,Finance,Pune,20,39,1,6,40,74.05673382910503,6,0
1384,Client_383,1235,39622,Logistics,Shirpur,94,19,2,12,4,52.53374635604657,2,0
1983,Client_982,204,25172,Healthcare,Pune,39,27,15,17,18,70.62565248079777,6,1
1368,Client_367,307,46563,Finance,Indore,51,38,14,21,41,47.921286090650085,6,1
1605,Client_604,1312,23023,Tech,Nagpur,72,11,10,17,43,5.274223350848696,6,1
1084,Client_83,305,16314,Tech,Shirpur,81,8,11,25,0,60.59815312630717,5,1
1952,Client_951,355,39375,Retail,Mumbai,32,8,2,3,18,26.33839698068331,1,0
1545,Client_544,1177,27180,Healthcare,Mumbai,30,59,13,3,30,51.43410500350222,6,1
1463,Client_462,1222,31399,Logistics,Ahmedabad,60,26,5,27,4,38.71875146901967,1,0
1529,Client_528,953,40367,Logistics,Dhule,48,49,16,26,29,44.02427196435393,3,1
1022,Client_21,1432,29285,Healthcare,Nashik,66,54,9,29,37,25.814210367679443,1,1
1761,Client_760,1919,20876,Retail,Dhule,39,40,16,5,1,41.28476724370972,3,1
1417,Client_416,1145,21241,Logistics,Pune,56,46,19,18,7,72.74552166791857,5,1
1244,Client_243,809,17219,Tech,Dhule,59,12,4,24,13,55.198656227262624,7,0
1679,Client_678,1700,28510,Retail,Surat,92,6,9,16,15,50.12649564653488,2,1
1979,Client_978,894,10109,Logistics,Ahmedabad,61,15,10,27,5,77.29370090548913,10,1
1077,Client_76,1490,46240,Logistics,Surat,29,44,4,20,35,67.26521632593216,10,0
1633,Client_632,531,7421,Healthcare,Shirpur,70,28,18,2,32,7.966812992195986,10,1
1003,Client_2,960,18456,Finance,Dhule,19,5,15,9,43,71.09380112614174,10,1
1357,Client_356,353,20328,Logistics,Shirpur,48,20,12,22,10,69.42354103416652,3,1
1853,Client_852,853,15177,Logistics,Ahmedabad,57,30,5,24,14,58.99696545271097,9,0
1559,Client_558,976,16664,Healthcare,Shirpur,66,40,5,18,20,74.86177901891945,2,0
1433,Client_432,978,29442,Tech,Shirpur,26,51,6,24,6,11.723917342675925,8,0
1405,Client_404,1627,46914,Finance,Nagpur,24,36,11,9,32,31.664734786400572,9,1
1284,Client_283,1859,23574,Healthcare,Shirpur,15,10,5,17,31,74.00286230817895,1,0
1555,Client_554,104,9263,Retail,Shirpur,63,20,1,23,36,38.663852423900224,4,0
1804,Client_803,591,10295,Finance,Indore,24,31,16,7,3,67.66787788179866,8,1
1563,Client_562,146,34373,Logistics,Mumbai,85,27,4,17,19,29.525507637207657,10,0
1137,Client_136,747,40854,Logistics,Indore,83,58,14,1,3,49.310340013843685,7,1
1930,Client_929,831,38756,Tech,Pune,50,15,14,25,17,14.867397997951596,3,1
1193,Client_192,963,19043,Retail,Nagpur,92,42,14,26,20,41.84978239340982,5,1
1571,Client_570,735,26874,Finance,Nashik,59,56,4,23,32,10.828431379379412,3,0
1367,Client_366,915,32632,Finance,Dhule,14,43,19,22,18,27.21325741692489,5,1
1441,Client_440,1639,29861,Healthcare,Shirpur,67,52,17,3,14,30.844744679522883,7,1
1903,Client_902,1636,32570,Finance,Nashik,68,12,1,23,37,45.632023995576155,8,0
1981,Client_980,1584,21967,Tech,Surat,62,58,9,28,39,6.757471652554115,7,1
1020,Client_19,230,13427,Healthcare,Nashik,32,10,8,20,37,55.304549408195065,2,0
1913,Client_912,883,28650,Finance,Ahmedabad,81,17,7,14,2,18.76847205163595,4,0
1602,Client_601,1360,39008,Tech,Ahmedabad,17,13,12,6,24,41.88034572642421,3,1
1344,Client_343,1421,48879,Logistics,Nashik,30,19,15,3,43,73.01499330048769,10,1
1556,Client_555,1226,35987,Healthcare,Dhule,25,22,3,28,20,49.925828316017565,8,0
1303,Client_302,866,20374,Tech,Mumbai,27,23,12,13,22,25.423654788581207,5,1
1687,Client_686,111,32345,Finance,Nagpur,14,14,1,22,31,7.9109710858851585,6,0
1753,Client_752,276,41332,Retail,Nashik,81,26,18,24,42,33.729410481575265,4,1
1500,Client_499,1600,13705,Healthcare,Shirpur,76,11,15,11,2,34.88590715819108,7,1
1774,Client_773,1148,29578,Retail,Nashik,36,20,15,19,10,7.572342597748376,8,1
1016,Client_15,1496,33538,Finance,Mumbai,24,25,6,7,42,44.44599326760945,4,0
1614,Client_613,1779,25581,Logistics,Pune,59,23,2,28,21,22.323448289604773,5,0
1228,Client_227,1763,10287,Logistics,Ahmedabad,63,44,6,25,16,21.92484372890413,10,0
1891,Client_890,1799,29860,Tech,Mumbai,15,47,1,29,7,62.841861146780275,4,0
1813,Client_812,1516,43001,Tech,Nagpur,20,35,11,10,32,10.02433207968857,6,1
1842,Client_841,1305,7719,Tech,Mumbai,69,48,13,10,5,41.48317903564059,7,1
1627,Client_626,1111,29791,Logistics,Indore,47,20,10,8,25,35.89599114591977,6,1
1450,Client_449,576,43000,Healthcare,Pune,88,45,9,10,41,47.76404118498534,1,0
1404,Client_403,915,11783,Retail,Ahmedabad,28,9,19,22,38,54.639523416125414,6,1
1934,Client_933,1827,39450,Retail,Shirpur,31,23,7,29,24,69.4493713302857,10,0
1866,Client_865,289,15706,Logistics,Nashik,18,24,2,4,20,28.582557935855405,8,0
1150,Client_149,330,47563,Tech,Shirpur,58,56,7,14,6,59.212940292515924,10,0
1587,Client_586,1250,13942,Retail,Surat,36,8,3,26,19,24.919069873051992,10,0
1199,Client_198,1857,18234,Logistics,Pune,31,5,13,15,25,27.41946125737499,6,1
1817,Client_816,1317,24129,Logistics,Shirpur,69,23,14,23,30,36.19352407231321,1,1
1402,Client_401,497,13666,Logistics,Dhule,48,45,4,1,15,47.140771718113484,9,0
1490,Client_489,254,22327,Finance,Indore,66,17,9,8,31,42.735016606123985,1,1
1329,Client_328,1271,25103,Tech,Indore,76,20,8,15,23,35.47748039580961,4,0
1652,Client_651,541,29070,Healthcare,Nashik,40,32,0,28,17,47.474216012489904,10,0
1110,Client_109,1850,18568,Healthcare,Ahmedabad,71,28,1,7,2,20.263333124891485,2,0
1177,Client_176,1128,11767,Healthcare,Dhule,43,7,13,11,4,62.47634604180426,1,1
1497,Client_496,345,46874,Healthcare,Shirpur,88,31,2,22,39,46.290897546499664,3,0
1064,Client_63,266,41586,Healthcare,Surat,74,45,1,2,12,45.54145065416931,5,0
1557,Client_556,1319,13646,Healthcare,Shirpur,17,9,6,8,4,10.380150781056873,9,0
1912,Client_911,835,19288,Healthcare,Indore,47,47,18,9,4,75.04905638844629,3,1
1194,Client_193,842,33746,Retail,Indore,35,33,8,15,35,76.28776711918512,5,0
1921,Client_920,1245,22482,Logistics,Nashik,12,16,15,20,2,43.183503889064156,8,1
1641,Client_640,122,34711,Healthcare,Mumbai,22,51,16,19,28,14.656582802604161,9,1
1382,Client_381,353,24256,Logistics,Mumbai,54,46,8,18,11,14.878215140476632,2,0
1521,Client_520,1071,29557,Tech,Indore,57,16,14,6,39,64.6658293944986,7,1
1965,Client_964,1924,43827,Logistics,Surat,26,28,18,5,43,8.291081627655771,5,1
1074,Client_73,997,27415,Retail,Indore,89,46,11,28,41,31.757786776193843,3,1
1758,Client_757,175,32376,Tech,Mumbai,17,26,15,13,42,70.86893507992599,9,1
1200,Client_199,584,43328,Retail,Surat,60,44,1,20,20,35.811229667557086,8,0
1243,Client_242,1482,36037,Logistics,Mumbai,51,20,16,10,28,23.776904717814162,3,1
1311,Client_310,1634,37184,Finance,Pune,16,28,18,22,31,65.53302652396346,8,1
1927,Client_926,1439,49413,Healthcare,Ahmedabad,78,30,4,28,41,73.41909208258667,9,0
1190,Client_189,1584,43110,Finance,Dhule,38,59,13,7,17,51.69315483745863,7,1
1019,Client_18,1787,47944,Healthcare,Nagpur,10,27,16,5,26,44.31910404033025,9,1
1886,Client_885,985,25953,Tech,Surat,77,58,8,5,35,20.789636633045973,10,0
1982,Client_981,1733,34759,Tech,Nashik,61,45,19,9,44,37.26319313332349,9,1
1146,Client_145,388,44056,Healthcare,Nagpur,78,56,3,7,38,14.460324351211405,2,0
1990,Client_989,575,31143,Finance,Nashik,53,30,17,5,31,15.537425734663799,1,1
1993,Client_992,1768,46688,Healthcare,Surat,18,33,6,2,7,42.80525598113182,4,0
1643,Client_642,621,46360,Tech,Dhule,84,16,6,27,29,40.637814951697116,1,0
1266,Client_265,663,5077,Tech,Mumbai,91,17,12,4,24,61.61994048387878,10,1
1499,Client_498,1162,36419,Logistics,Nashik,73,12,4,19,28,27.762793186096417,3,0
1411,Client_410,1156,27359,Finance,Surat,42,24,9,25,37,27.707570571306878,4,0
1577,Client_576,930,16046,Finance,Nagpur,47,55,1,14,24,76.8484514936668,2,0
1730,Client_729,195,29557,Retail,Ahmedabad,29,31,2,4,36,76.96941107069254,1,0
1492,Client_491,1509,9425,Retail,Pune,54,43,17,2,23,59.6930186823176,8,1
1985,Client_984,610,31589,Healthcare,Indore,66,27,3,3,26,12.091725858079117,2,0
1926,Client_925,797,27042,Healthcare,Surat,40,15,2,8,33,75.32784615345257,10,0
1009,Client_8,1738,42744,Healthcare,Dhule,30,43,18,18,0,38.19911361953248,2,1
1256,Client_255,1497,10951,Logistics,Indore,49,49,13,3,15,15.83273631163082,4,1
1432,Client_431,383,7482,Finance,Shirpur,35,9,3,25,22,49.70479483254463,1,0
1829,Client_828,1780,23088,Healthcare,Surat,47,10,16,5,14,14.186106263772292,6,1
1683,Client_682,1166,11640,Healthcare,Indore,37,42,11,8,20,37.70352305889343,5,1
1202,Client_201,330,15954,Finance,Surat,30,34,2,24,15,77.45160943476564,7,0
1560,Client_559,1091,40737,Retail,Nagpur,49,34,16,23,28,73.13075804514271,6,1
1757,Client_756,1356,22320,Tech,Dhule,29,40,11,13,28,41.53119082426835,6,1
1389,Client_388,1984,14524,Healthcare,Nagpur,42,14,12,3,4,22.489066581621223,3,1
1223,Client_222,1743,21644,Logistics,Nagpur,57,29,17,12,6,22.467637898711125,9,1
1007,Client_6,1824,26949,Finance,Ahmedabad,61,55,14,5,14,28.363422426048952,3,1
1440,Client_439,758,47460,Retail,Ahmedabad,16,49,7,18,8,75.00913289373892,2,0
1849,Client_848,1249,23787,Retail,Ahmedabad,65,28,15,5,23,14.943055811336176,3,1
1596,Client_595,1219,45385,Tech,Dhule,79,8,1,0,15,16.204954134032924,9,0
1525,Client_524,1477,40954,Tech,Indore,82,20,8,26,11,74.9377964823037,4,0
1620,Client_619,1343,40772,Healthcare,Nagpur,80,14,5,1,17,20.042349469105243,8,0
1333,Client_332,588,8756,Retail,Nagpur,44,49,0,22,11,17.875864628241267,2,0
1037,Client_36,847,44649,Finance,Indore,56,55,0,13,8,8.953234239007925,6,1
1513,Client_512,135,18221,Retail,Nashik,39,9,17,22,26,64.97688965020933,3,1
1139,Client_138,1186,43518,Finance,Pune,75,6,12,6,4,75.59591966800986,4,1
1745,Client_744,1396,34757,Tech,Indore,75,50,6,24,38,38.64744437133006,6,0
1953,Client_952,808,26563,Retail,Nashik,55,29,18,10,29,8.529589840771056,3,1
1850,Client_849,1574,31588,Finance,Mumbai,18,15,15,1,37,63.100470288634874,10,1
1881,Client_880,272,23271,Retail,Nashik,57,24,15,17,41,61.22943100876575,4,1
1584,Client_583,216,28863,Tech,Surat,37,24,0,28,38,19.46297067066842,9,0
1991,Client_990,808,11154,Finance,Dhule,84,29,11,15,4,51.69120471598353,9,1
1789,Client_788,497,22602,Healthcare,Ahmedabad,26,27,17,4,10,62.382994372484816,4,1
1821,Client_820,1545,11183,Finance,Mumbai,58,36,13,1,13,19.345802827804782,7,1
1360,Client_359,1160,32306,Logistics,Surat,70,14,16,11,18,29.04649299126701,8,1
1128,Client_127,1280,22302,Logistics,Surat,38,24,6,1,16,79.12779250411783,5,0
1220,Client_219,745,44756,Healthcare,Indore,41,59,11,1,3,68.41331081304203,1,1
1182,Client_181,970,25119,Tech,Ahmedabad,36,56,10,28,36,58.546846089857866,1,1
1236,Client_235,1500,37293,Healthcare,Shirpur,82,25,10,6,41,32.40251311629896,7,1
1915,Client_914,457,37232,Finance,Dhule,71,13,15,26,30,35.49773951637278,9,1
1553,Client_552,1103,22029,Retail,Ahmedabad,22,26,16,11,1,19.52178573465956,8,1
1720,Client_719,1992,25144,Healthcare,Ahmedabad,13,38,12,23,13,25.975539240983238,2,1
1691,Client_690,598,20229,Healthcare,Pune,59,17,13,5,26,67.62175812890877,10,1
1127,Client_126,1164,23030,Healthcare,Nagpur,29,54,14,11,15,42.883666680800474,6,1
1377,Client_376,1748,16053,Tech,Nashik,46,8,8,14,15,14.773849106846818,1,0
1459,Client_458,596,39249,Retail,Dhule,65,15,18,6,2,46.84093876834142,2,1
1245,Client_244,1579,5235,Tech,Nashik,93,51,2,14,24,71.62041473836295,8,0
1301,Client_300,222,36273,Retail,Nashik,46,21,5,23,43,69.07996349942601,2,0
1978,Client_977,926,14208,Healthcare,Shirpur,82,50,7,1,32,29.05341237382204,1,0
1030,Client_29,1055,6252,Logistics,Dhule,93,53,11,24,20,45.93122598345767,8,1
1372,Client_371,153,49327,Retail,Dhule,76,9,12,22,32,72.01324785449884,1,1
1920,Client_919,1131,15396,Finance,Shirpur,19,55,4,1,39,25.040742161455558,4,0
1894,Client_893,1655,30338,Finance,Ahmedabad,69,26,13,15,36,49.442613707362014,8,1
1099,Client_98,829,21282,Healthcare,Pune,36,7,17,25,19,36.024914268740524,3,1
1283,Client_282,954,42438,Tech,Surat,82,10,19,12,41,58.010269715787885,10,1
1438,Client_437,1952,32952,Healthcare,Surat,58,32,7,5,40,39.472456576734515,7,0
1740,Client_739,378,46898,Retail,Pune,12,24,8,23,27,48.93337031982857,10,0
1008,Client_7,1144,9544,Logistics,Indore,34,15,13,16,15,63.71927106931793,2,1
1448,Client_447,1343,33865,Tech,Mumbai,34,34,12,29,37,17.831447514287152,5,1
1276,Client_275,1204,33173,Healthcare,Indore,55,29,14,22,33,33.984692324595144,5,1
1018,Client_17,971,42131,Healthcare,Shirpur,79,44,17,23,1,32.132623394192436,3,1
1222,Client_221,1151,5009,Healthcare,Ahmedabad,15,56,12,1,28,43.135927648101955,6,1
1844,Client_843,190,16700,Logistics,Pune,26,36,3,28,5,70.01414097702995,3,0
1663,Client_662,596,30510,Tech,Ahmedabad,94,15,1,9,19,31.986867547742484,1,0
1530,Client_529,150,41801,Logistics,Mumbai,67,56,12,14,4,78.1433401462969,9,1
1061,Client_60,746,10569,Tech,Mumbai,58,56,8,4,8,47.6922659068586,9,0
1968,Client_967,245,49859,Tech,Nashik,91,29,16,18,1,24.221928152691316,9,1
1147,Client_146,478,8596,Finance,Ahmedabad,91,26,18,29,40,44.715021126684306,4,1
1196,Client_195,663,46605,Logistics,Nashik,62,13,19,28,38,36.8279019540226,9,1
1583,Client_582,1597,34077,Healthcare,Indore,54,19,0,27,21,37.600861123735264,4,0
1925,Client_924,1771,16722,Finance,Surat,68,18,14,18,6,58.60267372866932,3,1
1075,Client_74,1463,29071,Tech,Ahmedabad,52,22,7,29,6,17.320283709194605,10,0
1066,Client_65,487,11254,Retail,Ahmedabad,36,59,11,17,28,75.87628206863705,5,1
1144,Client_143,1798,11229,Healthcare,Pune,71,24,19,15,17,46.45279175341551,5,1
1251,Client_250,1942,24019,Finance,Mumbai,72,21,12,21,28,25.14491996859481,7,1
1371,Client_370,251,44964,Healthcare,Mumbai,89,27,1,14,40,60.98390966428355,9,0
1021,Client_20,1785,46348,Healthcare,Ahmedabad,48,26,9,24,25,25.207958472774127,4,1
1376,Client_375,686,39560,Healthcare,Surat,38,48,9,20,32,16.39851368555384,1,1
1962,Client_961,1128,35707,Tech,Indore,25,41,3,0,5,29.04970660523242,4,0
1484,Client_483,725,14503,Logistics,Nashik,31,47,15,0,30,60.259592653264775,8,1
1141,Client_140,1622,30289,Retail,Mumbai,67,7,2,25,12,43.63941696036603,1,0
1359,Client_358,552,38595,Healthcare,Indore,94,34,3,16,7,69.87462321558323,4,0
1565,Client_564,922,25609,Logistics,Pune,53,17,15,24,1,25.639265883010676,8,1
1370,Client_369,503,25530,Logistics,Ahmedabad,85,49,14,19,38,31.00390709269334,9,1
1214,Client_213,1919,17941,Healthcare,Dhule,92,13,17,19,1,62.86050086447048,1,1
1970,Client_969,1362,5526,Healthcare,Nagpur,52,58,1,17,1,55.246511814441355,7,0
1239,Client_238,727,33253,Logistics,Dhule,28,26,11,7,35,72.622342211477,1,1
1747,Client_746,695,19561,Healthcare,Nashik,58,41,6,7,29,54.77185405754747,2,0
1493,Client_492,884,21032,Retail,Mumbai,91,58,3,24,22,70.60603051167311,3,0
1639,Client_638,1857,32935,Logistics,Shirpur,24,11,0,3,16,12.014009269843214,6,0
1352,Client_351,1695,15457,Logistics,Nagpur,64,11,8,16,19,25.07513278957232,8,0
1535,Client_534,1248,46401,Healthcare,Mumbai,38,40,13,16,34,21.015310841296355,5,1
1149,Client_148,1613,11168,Logistics,Dhule,50,37,12,8,22,6.577767684535147,1,1
1946,Client_945,1681,22175,Healthcare,Dhule,24,56,13,20,18,54.64261823539464,8,1
1725,Client_724,1812,37413,Tech,Mumbai,56,5,5,23,26,10.890218209459903,8,0
1455,Client_454,1868,17342,Finance,Shirpur,34,52,5,9,38,10.55561804078358,9,0
1876,Client_875,233,31660,Logistics,Nashik,53,31,0,14,13,24.681206127216083,3,1
1198,Client_197,195,23935,Tech,Shirpur,68,6,3,7,28,50.284456796458855,3,0
1270,Client_269,1509,19060,Logistics,Nashik,47,39,0,20,13,18.785966711136123,6,0
1890,Client_889,1352,42567,Logistics,Nashik,90,49,15,1,29,63.50630178012236,8,1
1158,Client_157,1029,17910,Logistics,Nashik,11,25,6,8,14,68.08221279620761,5,0
1883,Client_882,914,19859,Retail,Shirpur,25,43,7,0,7,40.70425266132963,2,0
1828,Client_827,599,36290,Healthcare,Indore,73,33,18,1,1,73.05973822598192,8,1
1519,Client_518,499,24063,Healthcare,Surat,70,33,3,18,44,8.90543046659523,5,0
1083,Client_82,134,33732,Finance,Nagpur,66,54,4,1,26,7.9563188840272225,4,0
1742,Client_741,966,42573,Logistics,Nagpur,65,28,13,2,42,38.42973656771519,1,1
1941,Client_940,560,16425,Finance,Shirpur,86,32,13,5,15,45.79084408708382,3,1
1272,Client_271,1236,23520,Logistics,Surat,45,9,12,10,27,16.61310459855912,1,1
1361,Client_360,1283,24915,Healthcare,Nagpur,18,42,15,22,22,18.374863432116225,1,1
1024,Client_23,443,47808,Finance,Pune,43,41,15,23,10,59.265092999831644,5,1
1262,Client_261,1236,26204,Tech,Dhule,67,12,5,22,44,62.07544872121665,5,0
1931,Client_930,968,44214,Finance,Ahmedabad,40,42,2,18,40,27.67075253723364,2,0
1608,Client_607,680,33145,Healthcare,Dhule,30,46,16,26,22,22.22872127624238,5,1
1226,Client_225,1921,7219,Logistics,Shirpur,83,59,18,12,34,78.55708807916386,10,1
1977,Client_976,1977,43565,Healthcare,Nagpur,24,11,1,1,36,31.624633686045637,2,0
1702,Client_701,517,35586,Healthcare,Nagpur,27,54,5,5,32,74.63808139578339,9,0
1192,Client_191,1698,46427,Healthcare,Indore,74,49,18,22,1,19.613036874152307,5,1
1058,Client_57,1254,32169,Finance,Shirpur,38,47,13,17,30,5.55183722190609,7,1
