CustomerID,Customer_Name,Account_Age_Days,Monthly_Fee_INR,Industry,Location,Feature_Usage_Score,Total_Users,Support_Tickets,Payment_Delay_Days,Last_Login_Days,Avg_Resolution_Time_Hrs,NPS_Score,Is_Churn
1684,Farhan Bhargava,1679,49547,Tech,Nagpur,78,32,6,18,42,61.15041314,1,0
1375,Gaurang Sur,727,18718,Logistics,Dhule,82,50,12,4,18,60.83316259,2,1
1701,Wridesh Badami,1121,8810,Healthcare,Dhule,70,24,11,13,38,11.25342903,10,1
1688,Chaaya Khanna,1730,33687,Logistics,Mumbai,60,46,13,6,40,19.55965778,1,1
1533,Fariq Ahuja,674,28752,Healthcare,Nashik,73,7,14,3,10,65.83284247,6,1
1399,Bhavini Reddy,260,12973,Retail,Pune,37,8,6,3,17,21.33356013,5,0
1416,Vedhika Bajaj,1498,15395,Logistics,Ahmedabad,49,17,10,27,40,54.6099654,8,1
1168,Bakhshi Nazareth,1995,15167,Finance,Indore,29,8,9,2,12,24.89213919,3,1
1659,Bahadurjit Kannan,891,34398,Tech,Ahmedabad,67,8,13,0,5,40.53299694,9,1
1909,Zinal Ranganathan,1070,31029,Finance,Nagpur,12,55,17,26,6,15.16376552,10,1
1666,Chatresh Iyengar,1598,22850,Logistics,Surat,34,47,0,17,9,57.69721823,1,0
1101,Yuvraj Dey,261,28321,Finance,Shirpur,26,58,5,26,23,57.00506401,3,0
1369,Urvi Oak,1254,49409,Healthcare,Nagpur,90,47,17,20,28,38.13902811,9,1
1933,Pahal Sama,839,33602,Logistics,Indore,93,47,16,3,41,77.9040106,6,1
1186,Shivansh Shroff,1138,40358,Logistics,Indore,79,15,10,12,35,44.61332911,3,1
1103,Ronith Bava,1095,27574,Retail,Indore,14,13,0,15,0,25.84183445,9,0
1427,Ekiya Ratti,126,25806,Finance,Mumbai,58,13,2,20,38,26.83973412,9,0
1068,Zayan Walla,415,29214,Logistics,Nashik,15,23,17,21,27,9.867445965,3,1
1326,Mohammed Bhat,1469,11359,Healthcare,Shirpur,83,51,18,14,12,42.62743745,9,1
1032,Tanay Yogi,1284,17173,Logistics,Ahmedabad,12,55,3,11,20,11.11054233,2,0
1938,Timothy Mohan,1324,17857,Tech,Shirpur,51,42,9,19,18,5.698271807,10,1
1349,Diya Lanka,445,15541,Tech,Nashik,64,49,19,3,7,64.56009213,1,1
1067,Manthan Shetty,700,22144,Tech,Nagpur,89,50,3,28,42,55.5207374,1,0
1918,Anika Rattan,767,46846,Logistics,Shirpur,87,52,19,22,18,39.22376154,2,1
1662,Thomas Chaudhuri,357,41062,Tech,Surat,78,30,11,11,33,66.45486732,2,1
1976,Tanish Wason,1340,13712,Logistics,Ahmedabad,92,53,8,8,7,41.36440548,2,0
1606,Frederick Kibe,803,18350,Tech,Ahmedabad,31,8,6,15,8,29.00446731,6,0
1864,Pahal Babu,486,6007,Healthcare,Dhule,90,6,12,17,6,43.87429423,3,1
1910,Leela Hari,1135,18025,Tech,Pune,89,30,11,25,37,43.879972,10,1
1246,Neel Chandran,1534,47929,Logistics,Nagpur,49,21,1,5,14,39.49564635,6,0
1254,Yug Hans,763,41159,Healthcare,Shirpur,57,52,2,11,43,46.93524923,1,0
1323,Om Narula,863,28710,Retail,Pune,94,41,15,7,6,59.63704504,10,1
1138,Logan Bains,1595,13152,Finance,Shirpur,26,29,5,4,42,59.10868678,10,0
1904,Charan Nigam,1496,32082,Finance,Indore,72,56,11,28,3,14.83098963,2,1
1286,Ishanvi Sarin,484,24096,Finance,Nashik,69,22,12,27,2,32.78685778,9,1
1434,Lipika Deol,1059,38719,Healthcare,Pune,80,56,18,29,39,30.30193088,2,1
1189,Priya Balan,991,14111,Healthcare,Ahmedabad,11,57,10,6,40,41.18697954,9,1
1055,Yashodhara Butala,1367,26833,Retail,Ahmedabad,70,26,16,0,37,78.50040974,4,1
1568,Sara Bera,755,24250,Logistics,Pune,89,33,4,17,5,10.3930038,8,0
1877,Ekansh Puri,157,10084,Retail,Pune,47,48,12,9,17,23.13233806,4,1
1002,Frado Palla,1559,37201,Finance,Nagpur,20,16,2,11,37,70.10736199,1,0
1536,Yashvi Deol,249,16372,Finance,Ahmedabad,68,51,1,4,26,55.70697756,7,0
1097,Yug Soman,802,47928,Healthcare,Shirpur,84,29,6,29,21,47.37144557,7,0
1928,Saumya Deep,1301,33087,Retail,Nashik,71,46,4,21,18,75.95567136,9,0
1697,Abha Sarin,875,14996,Logistics,Pune,23,58,9,29,37,7.330109768,2,1
1446,Om Rai,116,38536,Tech,Ahmedabad,26,46,16,23,33,22.85936324,2,1
1947,Falak Lala,1670,31385,Tech,Dhule,86,58,1,6,27,37.55366514,6,0
1078,Manya Devan,1055,23271,Finance,Shirpur,77,37,17,9,40,54.80091711,6,1
1403,Vincent Chad,1400,41368,Logistics,Shirpur,56,23,17,4,12,60.5662405,7,1
1171,Lopa Saran,1060,8812,Finance,Shirpur,29,25,13,3,29,25.10353905,1,1
1826,Fiyaz Manne,1956,24623,Finance,Shirpur,13,9,0,6,44,56.94296001,7,0
1975,Yamini Divan,162,39531,Logistics,Nagpur,49,36,11,4,43,33.96772965,7,1
1461,Hredhaan Parekh,280,21438,Finance,Mumbai,89,25,2,26,29,11.48431303,6,0
1621,Netra Batra,1192,26520,Finance,Nagpur,86,6,0,6,6,21.15194621,4,0
1460,Ishaan Saraf,401,15093,Tech,Surat,74,15,1,25,10,27.82306939,5,0
1249,Kashvi Bhatt,1800,41298,Healthcare,Indore,61,30,15,28,28,65.37251254,8,1
1793,Frado Sundaram,1286,33841,Logistics,Nagpur,28,36,17,12,9,6.3768788,4,1
1374,Tanish Krishnan,1796,8797,Healthcare,Pune,66,10,9,15,36,29.90005266,8,1
1242,Faraj Mander,1382,22988,Tech,Indore,50,49,19,9,8,10.6559132,8,1
1664,Nilima Loke,995,24426,Logistics,Shirpur,19,44,2,4,24,45.55742235,7,0
1143,Sneha Mammen,491,34926,Retail,Nashik,37,29,7,11,10,47.16085654,3,0
1736,Tanish Agate,1903,36883,Tech,Dhule,21,19,2,20,41,33.76108419,9,0
1465,Oliver Bhalla,1092,20708,Tech,Shirpur,87,11,18,23,26,47.92363892,4,1
1218,Upasna Mand,1697,25618,Healthcare,Dhule,82,51,17,2,17,8.924964298,7,1
1122,Abdul Venkataraman,316,44577,Logistics,Nashik,16,30,4,25,23,19.93676732,9,0
1508,Libni Divan,624,34378,Tech,Dhule,64,21,16,5,37,9.282430883,3,1
1856,Tanmayi Ramachandran,1181,14882,Logistics,Nagpur,49,24,15,16,23,38.22799825,9,1
1857,Warda Dutta,1783,6136,Logistics,Nagpur,26,50,6,28,0,51.33598959,10,0
1485,Nirja Rama,1411,23922,Logistics,Ahmedabad,15,51,5,12,41,39.0062173,4,0
1775,Eesha Subramanian,1047,33831,Healthcare,Surat,62,9,10,27,36,42.31745625,6,1
1882,Avi Rana,1952,12491,Healthcare,Mumbai,27,13,3,22,44,12.26140482,9,0
1319,Meghana Krishna,563,24029,Finance,Indore,87,40,12,22,24,62.30716899,3,1
1959,Noah Chaudhuri,1365,13782,Logistics,Surat,48,47,12,2,10,73.5755332,6,1
1225,Priya Mangat,1463,14865,Retail,Surat,26,5,10,9,11,59.53721073,4,1
1763,Udyati Sane,834,12214,Finance,Nagpur,93,36,17,3,14,13.98100914,1,1
1896,Pranav Pall,1525,26427,Finance,Pune,63,56,11,4,6,42.64516856,9,1
1520,William Patla,753,7106,Logistics,Pune,88,51,7,23,16,5.961623713,5,0
1447,Patrick Bail,1295,43258,Tech,Shirpur,52,50,12,0,34,75.38357303,7,1
1049,Dakshesh Bedi,1057,9637,Healthcare,Mumbai,44,42,17,7,6,53.39282334,7,1
1765,Anirudh Bala,1687,16362,Tech,Dhule,25,49,3,16,21,23.52240594,3,0
1819,Owen Jaggi,128,16303,Finance,Dhule,48,58,18,9,5,73.87137765,8,1
1420,Lekha Bhatti,137,9944,Finance,Ahmedabad,59,16,18,0,16,58.16750047,3,1
1095,Damyanti Tripathi,1945,23777,Healthcare,Mumbai,21,18,17,17,1,60.69769923,9,1
1949,Champak Sami,489,28019,Healthcare,Shirpur,33,11,9,13,13,72.91866032,3,1
1595,Jalsa Pingle,901,37921,Tech,Ahmedabad,32,26,15,12,19,31.86642809,7,1
1616,Janaki Gaba,1096,28051,Retail,Mumbai,15,57,17,11,40,68.86168862,3,1
1655,Zansi Kalita,1115,20023,Logistics,Surat,58,11,16,3,31,22.15030635,1,1
1051,Adweta Dugal,1057,48088,Finance,Nashik,67,41,2,22,40,66.83878023,4,0
1812,Sneha Savant,269,26452,Tech,Surat,32,57,10,25,17,24.6253525,10,1
1304,Ganga Maharaj,393,10788,Retail,Ahmedabad,72,24,10,9,8,13.81263802,3,1
1599,Isha Banerjee,659,20048,Tech,Ahmedabad,85,38,16,26,44,72.55701218,2,1
1940,Samar Verma,1847,24982,Healthcare,Mumbai,29,46,13,0,14,8.455187726,10,1
1711,Banjeet Sharaf,512,23155,Healthcare,Nagpur,50,6,12,18,13,62.50762673,9,1
1159,Ekansh Kapadia,1156,12943,Retail,Nagpur,33,28,14,20,1,79.76369632,4,1
1612,Vivaan Srinivasan,1199,14650,Logistics,Pune,69,25,1,6,35,24.68827179,10,0
1615,Tara Prakash,1558,28393,Finance,Indore,57,35,6,17,15,65.14354646,7,0
1654,Bhanumati Lalla,868,16122,Logistics,Surat,33,46,17,22,32,15.23772591,7,1
1407,Onkar Arora,1258,18490,Finance,Pune,33,10,12,8,0,27.10260274,5,1
1769,Fiyaz Dalal,243,47874,Finance,Pune,89,42,14,1,10,44.01728668,3,1
1462,Falguni Natt,706,45411,Finance,Surat,50,25,10,20,3,5.107125731,8,1
1001,Dayita Pandit,1226,9809,Logistics,Ahmedabad,90,31,16,21,25,28.9790637,9,1
1674,Oscar Sachdev,790,21514,Healthcare,Shirpur,70,53,11,9,29,68.19158761,3,1
1163,Yagnesh Uppal,1697,11738,Tech,Shirpur,35,47,8,9,3,19.34315968,10,0
1628,Tara Golla,552,5338,Tech,Nagpur,57,50,13,26,17,75.08080959,5,1
1208,Inaya Naidu,624,47101,Finance,Indore,54,30,12,0,1,20.08814242,1,1
1013,Max Saxena,430,12239,Tech,Dhule,45,37,19,18,30,38.2345509,4,1
1133,Jhalak Naidu,1962,45441,Healthcare,Ahmedabad,66,52,14,12,10,16.76769681,8,1
1772,Ekalinga Naidu,1222,30425,Logistics,Dhule,65,36,9,19,7,14.8260964,7,1
1833,Faraj Korpal,1424,31292,Retail,Nashik,20,6,16,1,31,41.14961883,7,1
1170,Jeet Batta,1670,22260,Tech,Indore,63,22,15,15,34,76.15928733,10,1
1667,Sneha Wable,951,5614,Tech,Mumbai,77,15,19,9,9,76.69850441,2,1
1610,Adya Devi,960,25587,Tech,Nashik,88,35,17,17,31,7.833837995,3,1
1253,Arjun Borah,783,10415,Healthcare,Dhule,52,21,15,9,17,11.45870829,5,1
1294,Chatresh Chowdhury,1833,16302,Tech,Dhule,94,59,16,0,25,40.30257496,2,1
1107,Jason Buch,1394,24262,Finance,Surat,78,14,17,1,44,69.27125974,6,1
1409,Chakradhar Mangal,500,10299,Healthcare,Surat,18,26,12,6,1,60.90483044,6,1
1816,Darpan Dhar,733,23546,Finance,Pune,65,32,14,20,42,71.11143647,1,1
1868,Kalpit Rajagopal,1314,34257,Tech,Nagpur,29,12,3,17,10,59.74168383,6,0
1582,Laksh Chopra,840,9853,Finance,Mumbai,10,51,6,23,33,69.19438922,9,0
1383,Jeet Nayar,1350,40840,Tech,Ahmedabad,26,22,10,29,7,69.40587264,1,1
1676,Pallavi Baria,1736,7983,Retail,Nashik,34,6,15,29,6,54.5352291,4,1
1094,Anika Goel,1895,21907,Finance,Dhule,81,59,11,18,22,46.7938875,10,1
1295,Kai Krish,1539,6970,Finance,Surat,11,19,8,6,1,8.686129276,3,0
1685,Aachal Chahal,384,20317,Tech,Nagpur,72,29,11,27,35,67.09437159,3,1
1483,Ishita Kant,1915,36821,Logistics,Nagpur,17,48,0,0,14,26.54432712,2,1
1846,Ansh Oza,1981,47534,Healthcare,Nashik,66,43,0,26,17,55.17901365,5,1
1634,Yuvraj Srinivas,440,44887,Tech,Indore,40,5,18,17,24,35.22790684,3,1
1076,Gauri Sachar,191,47679,Tech,Pune,83,52,18,11,41,42.77895759,1,1
1118,Anamika Toor,437,13150,Healthcare,Indore,42,16,18,12,0,8.583602351,1,1
1108,Nitara Virk,555,9432,Retail,Shirpur,68,23,3,20,29,56.31568064,2,0
1718,Adya Kant,775,15816,Retail,Nagpur,73,14,14,6,31,23.78622101,10,1
1759,George Peri,364,48513,Logistics,Nashik,38,18,8,12,25,44.54413625,5,0
1425,Ronith Muni,1899,26566,Finance,Surat,86,53,14,20,5,37.8336108,8,1
1897,Abeer Gola,146,40196,Healthcare,Ahmedabad,13,51,7,22,39,50.38034401,4,0
1872,Fiyaz Verma,923,6435,Tech,Ahmedabad,89,37,11,4,28,58.33413628,9,1
1939,Sanya Johal,1028,49923,Healthcare,Surat,58,53,2,10,38,38.17953056,2,0
1096,Ayush Basak,1600,32693,Tech,Surat,62,49,2,4,11,25.98251982,1,0
1637,Aishani Dasgupta,1412,16918,Logistics,Ahmedabad,76,25,5,27,22,52.86049269,3,0
1126,Lopa Raghavan,592,10122,Finance,Indore,63,35,6,25,39,62.14507818,6,0
1187,Nisha Suri,1981,9324,Retail,Indore,68,9,17,16,17,14.5154621,7,1
1250,Aarush Ganesh,1348,10256,Tech,Pune,56,17,5,18,14,77.54960835,5,0
1264,Joshua Chakrabarti,1620,24282,Finance,Nagpur,84,58,10,1,17,32.47147897,2,1
1495,Gautami Warrior,1516,25079,Tech,Surat,86,30,8,5,37,65.38200326,7,0
1436,Utkarsh Chatterjee,552,7079,Healthcare,Mumbai,78,34,15,28,12,77.11577922,5,1
1874,Madhavi Desai,1033,40150,Logistics,Nagpur,72,39,11,18,27,69.48108543,2,1
1205,Jacob Sagar,1294,37043,Finance,Shirpur,34,48,15,25,30,6.937922917,4,1
1573,Logan Jhaveri,1793,29063,Finance,Dhule,32,51,1,2,4,27.75232117,9,0
1824,Aachal Subramaniam,1619,25695,Tech,Indore,45,24,2,10,35,65.32808106,4,0
1760,Manya Bhattacharyya,554,19199,Retail,Indore,49,20,14,26,43,74.74028617,4,1
1799,Abeer Tara,850,38742,Retail,Mumbai,29,51,15,12,43,74.24178102,1,1
1623,Saksham Joshi,1108,33470,Finance,Nashik,11,28,13,17,25,17.95679887,8,1
1267,Netra Agate,1391,45345,Retail,Dhule,57,53,10,2,37,76.63813704,1,1
1401,Jyoti Dalal,900,13070,Tech,Dhule,87,21,18,1,25,65.24090924,2,1
1338,Ekavir Halder,971,15147,Healthcare,Dhule,21,6,17,15,33,35.90133042,1,1
1646,Chameli Krishnamurthy,1223,24541,Healthcare,Mumbai,63,37,10,10,12,42.34614444,9,1
1869,Indira Bandi,1631,26736,Healthcare,Surat,94,33,10,5,21,35.81996787,5,1
1362,Amruta Chanda,1114,44915,Retail,Pune,15,22,14,20,26,22.95273773,10,1
1437,Kabir Shenoy,1119,7717,Finance,Surat,35,29,14,7,20,65.5446237,3,1
1073,Zarna Hans,664,16637,Retail,Ahmedabad,85,5,5,7,4,48.66086021,4,0
1092,Tanvi Acharya,665,44749,Retail,Shirpur,91,35,19,3,1,39.47110638,10,1
1710,Baghyawati Sachdeva,1198,24895,Finance,Nagpur,14,29,5,9,25,67.34343538,8,0
1252,Leela Karpe,1357,13162,Retail,Nagpur,78,42,15,18,3,42.11194637,1,1
1260,Zaitra Boase,1356,35523,Logistics,Shirpur,76,18,8,3,41,48.92407516,1,0
1120,Amara Kakar,1176,49247,Tech,Mumbai,93,57,8,28,9,69.24289915,6,0
1642,Omkaar Parikh,1885,9806,Finance,Nagpur,44,54,14,24,19,76.07177439,7,1
1079,Unni Pai,1578,41034,Logistics,Indore,53,16,4,22,26,30.37758994,7,0
1770,Girish Shukla,984,12657,Tech,Nashik,54,7,0,24,27,55.78203386,8,0
1298,Ranveer Tara,1562,36110,Healthcare,Surat,69,51,8,15,24,39.04691248,2,0
1805,Lucky Vohra,1012,46873,Tech,Dhule,93,56,8,21,27,8.274569653,6,0
1998,Dhruv Rana,1096,14768,Finance,Nashik,66,18,5,28,34,59.17801307,7,0
1566,Zayyan Chaudhuri,1035,40835,Retail,Nagpur,20,47,18,18,31,73.21900213,8,1
1781,Damini Mutti,1267,39701,Retail,Mumbai,90,43,0,10,34,10.58213138,9,0
1106,Lipika Chaudhuri,915,15478,Tech,Mumbai,87,44,3,23,0,38.04523355,8,0
1230,Keya Lad,1471,13512,Retail,Shirpur,44,51,13,10,31,64.44048257,3,1
1315,Yashodhara Morar,1324,22334,Healthcare,Ahmedabad,88,54,12,26,41,45.26443599,9,1
2000,Yamini Swaminathan,776,44499,Finance,Indore,81,34,11,12,14,12.95975145,10,1
1443,Amaira Cheema,1315,33071,Finance,Dhule,62,29,19,0,24,47.23732913,10,1
1625,Kashvi Kale,1873,6341,Healthcare,Pune,84,36,19,5,15,73.31256702,7,1
1509,Gayathri De,927,42334,Retail,Shirpur,71,21,19,18,22,13.29073747,3,1
1845,Finn Dalal,813,41509,Logistics,Pune,74,15,15,22,26,51.9694456,10,1
1457,Teerth Mistry,379,18087,Tech,Nashik,37,14,13,24,11,35.59206776,2,1
1269,Zashil Nigam,1930,21984,Tech,Mumbai,91,57,14,28,3,29.26434603,7,1
1386,Shravya Sami,1596,44282,Retail,Shirpur,15,36,9,13,27,46.6471869,3,1
1309,Abha Sekhon,297,38187,Retail,Mumbai,86,48,2,29,43,49.72951998,7,0
1229,Devika Kamdar,1629,39387,Logistics,Indore,59,41,13,13,41,20.88486124,9,1
1052,Aarnav Bala,662,42660,Tech,Dhule,42,55,14,28,39,36.32814252,7,1
1547,Kavya Chhabra,543,17875,Finance,Shirpur,45,33,2,12,22,77.6016629,8,0
1040,Jhalak Dani,574,13017,Finance,Ahmedabad,74,23,8,9,25,45.35709981,3,0
1935,Yachana Swamy,601,37196,Healthcare,Nashik,13,10,10,2,13,13.25132908,7,1
1665,Sarthak Wali,259,42265,Retail,Shirpur,92,54,17,11,3,55.79755148,2,1
1542,Ucchal Raja,781,36653,Finance,Dhule,26,25,1,6,29,72.80852454,3,0
1534,Peter Swaminathan,1313,22685,Tech,Shirpur,53,19,11,18,4,19.79319996,10,1
1004,William Kaur,1394,43765,Logistics,Dhule,26,47,13,22,25,31.26398932,10,1
1703,Arya Lanka,214,44974,Tech,Nagpur,36,47,8,17,0,48.48028362,7,0
1136,Nilima Pandya,1252,39674,Tech,Nashik,38,5,11,11,25,25.12154003,1,1
1087,Lakshmi Gola,1995,26969,Finance,Indore,65,31,11,0,41,71.73772956,8,1
1307,Veer Bhatia,983,14446,Logistics,Pune,67,36,7,25,43,48.61916284,1,0
1870,Sachi Ratta,1492,47207,Healthcare,Indore,91,52,1,21,41,52.19143948,2,0
1644,Rayaan Sem,1881,17182,Logistics,Shirpur,68,35,18,11,18,28.79443808,8,1
1091,Leena Sheth,1513,18716,Logistics,Nagpur,60,16,1,24,5,23.49923351,2,0
1125,Advay Chatterjee,479,10126,Logistics,Ahmedabad,28,27,9,25,15,73.65621511,7,1
1997,Netra Sama,1146,8762,Tech,Mumbai,87,18,0,25,22,68.18480801,1,0
1385,Neel Bail,609,42430,Tech,Pune,75,44,4,17,41,23.99008725,1,0
1792,Max Vohra,1256,30931,Finance,Ahmedabad,38,50,10,6,20,53.60765954,1,1
1653,Teerth Hari,1731,9232,Retail,Surat,87,57,15,5,8,62.2471184,9,1
1514,Victor Bobal,784,6279,Healthcare,Pune,11,30,14,8,41,60.46059904,10,1
1570,Chanchal Roy,469,16555,Retail,Pune,11,26,8,29,2,76.83249936,8,0
1791,Vedika Chaudhry,733,28265,Healthcare,Mumbai,51,11,7,6,24,41.31383737,3,0
1292,Chakradhar Trivedi,829,31727,Tech,Shirpur,65,11,19,1,29,55.18656167,3,1
1787,Jeremiah Sahota,1309,48642,Finance,Dhule,21,21,16,11,13,60.37216329,7,1
1827,Vedant Bahl,1465,7139,Finance,Dhule,91,13,9,12,1,47.89231418,10,1
1042,Jeet Nair,610,30934,Healthcare,Pune,76,32,7,25,28,23.23433978,10,0
1453,Nilima Sangha,617,43565,Logistics,Indore,35,39,5,25,2,79.59231925,4,0
1025,Faraj Butala,1615,27928,Logistics,Shirpur,50,49,17,0,7,48.28900072,10,1
1956,Ekansh Ratta,109,41444,Finance,Ahmedabad,68,42,6,26,36,17.21769909,4,0
1173,Akshay Mane,712,32285,Healthcare,Dhule,93,39,16,5,24,9.15198627,3,1
1098,Kamya Bansal,501,31329,Finance,Ahmedabad,14,38,10,18,36,11.61066825,8,1
1363,Teerth Balasubramanian,108,42219,Tech,Shirpur,44,54,2,23,39,36.3476381,4,0
1281,Nihal Suresh,319,10984,Logistics,Mumbai,60,30,17,28,44,71.09435508,2,1
1808,Mahika Deol,1642,14903,Healthcare,Pune,49,18,3,2,8,5.687416264,3,0
1100,Vidhi Singh,1679,28624,Healthcare,Indore,21,28,11,22,38,61.26206247,4,1
1671,Oliver Kulkarni,479,40435,Tech,Indore,52,7,18,6,26,53.15826763,6,1
1299,Samaksh Mital,302,22586,Finance,Dhule,49,48,5,26,12,27.62466812,8,0
1860,Banjeet Yadav,928,12009,Retail,Ahmedabad,88,57,10,16,11,77.17739873,3,1
1843,Kamala Rastogi,266,27890,Finance,Surat,71,27,13,5,23,60.39042796,10,1
1282,Meera Rattan,1689,26526,Retail,Dhule,90,24,15,8,8,10.84092418,4,1
1764,Aadhya Dalal,1507,5726,Logistics,Ahmedabad,64,37,1,7,3,65.19921831,3,0
1717,Azaan Sunder,860,17676,Logistics,Pune,74,13,0,16,41,20.61738565,6,0
1706,Viraj Panchal,925,34629,Retail,Surat,91,20,14,2,44,30.92151267,5,1
1339,Nimrat Varty,740,38561,Tech,Pune,69,35,1,24,25,15.37981895,5,0
1609,Riya Dhingra,889,39020,Tech,Pune,44,34,14,27,12,19.96787119,10,1
1743,Ranbir Kibe,972,5806,Finance,Nashik,22,25,19,2,10,67.70889617,8,1
1489,Wyatt Raj,1762,5822,Healthcare,Nashik,88,16,10,2,9,41.14251253,5,1
1707,Lajita Yadav,1624,13436,Healthcare,Shirpur,84,38,5,2,33,51.61304834,2,0
1167,Tanmayi Bobal,783,39529,Finance,Nashik,38,27,0,27,27,31.04663557,1,1
1580,Ekani Chakrabarti,1181,28150,Finance,Nashik,76,10,0,14,29,51.50010001,4,0
1060,Yachana Chhabra,1942,19388,Tech,Nashik,15,17,6,0,32,7.814649315,3,0
1878,Sai Chakrabarti,1679,21661,Tech,Shirpur,92,16,13,26,27,41.22605846,7,1
1698,Tanish Sampath,704,32788,Logistics,Shirpur,84,20,17,1,2,76.01771746,7,1
1746,Tarak Choudhary,161,39636,Healthcare,Mumbai,46,18,9,4,35,45.32690964,3,1
1071,Simon Gulati,876,11238,Finance,Shirpur,71,44,12,29,22,40.23532411,10,1
1852,Jasmit Sem,752,38062,Retail,Mumbai,22,58,6,19,39,75.01948578,1,0
1906,Rajata Varkey,1382,35678,Logistics,Surat,62,46,5,29,17,74.93329838,6,0
1181,Chaman Gill,497,18918,Tech,Dhule,88,29,3,22,44,77.67082979,4,0
1334,Jagrati Chokshi,1028,25609,Finance,Surat,77,30,1,23,35,65.58735889,10,0
1682,Kashish Nagarajan,1965,33535,Retail,Indore,64,24,6,29,34,45.99612047,6,0
1973,Ekalinga Rao,952,33541,Retail,Shirpur,64,8,18,28,9,10.94372046,4,1
1162,Isha Bakshi,506,28275,Finance,Shirpur,31,53,1,14,31,72.99899727,10,0
1586,Irya Oza,890,45483,Tech,Shirpur,22,36,3,21,2,62.65731355,1,0
1762,Adya Raju,817,13245,Tech,Dhule,90,29,13,16,19,41.78368226,10,1
1638,Oscar Bahri,1377,30064,Logistics,Pune,44,8,7,29,42,29.04224183,6,0
1426,Yashodhara Raghavan,1406,14916,Tech,Indore,57,45,11,29,25,22.30509427,9,1
1892,Megha Rau,1350,26195,Healthcare,Pune,92,17,19,12,38,22.10752834,4,1
1464,Rohan Kapur,799,24846,Logistics,Nagpur,80,49,13,15,0,67.76475667,1,1
1785,Samaksh Arya,1816,23024,Tech,Shirpur,29,16,8,27,2,52.80534592,6,0
1737,Ekani Banik,1492,48194,Tech,Nagpur,49,16,17,23,21,16.41711604,4,1
1888,Kalpit Dutt,302,7353,Tech,Shirpur,71,42,12,1,32,22.52185727,9,1
1373,Aadi Vora,1243,8368,Finance,Nashik,39,34,3,27,18,61.75919172,9,0
1699,Champak Basu,1069,34969,Logistics,Nagpur,41,49,16,11,19,23.05344392,4,1
1721,Turvi Sha,556,7050,Logistics,Shirpur,74,52,4,1,39,19.36409915,4,0
1841,Ria Merchant,975,45329,Retail,Pune,53,24,6,12,31,17.16375293,5,0
1735,Ishanvi Yogi,136,14155,Healthcare,Mumbai,88,33,6,18,19,78.82414841,4,0
1132,Nilima Dubey,1980,45940,Finance,Surat,83,27,9,17,33,37.70528602,10,0
1297,Siya Mahajan,935,32202,Retail,Nashik,67,47,17,16,3,64.28852057,1,1
1748,Dayamai Kota,828,29262,Tech,Nashik,75,22,1,15,22,63.79788879,5,0
1191,William Doctor,1814,21389,Tech,Pune,77,41,17,12,21,5.753523579,4,1
1140,Aarav Upadhyay,1262,15267,Tech,Shirpur,15,34,18,25,34,71.12265119,7,1
1043,Bhavya Pau,1805,28386,Healthcare,Nashik,24,21,18,24,15,60.85630487,10,1
1366,Radhika Narang,1782,5126,Retail,Nashik,50,33,4,25,26,15.12338646,3,0
1274,Upasna Kapur,1748,14510,Retail,Nagpur,72,53,17,29,7,57.27597605,8,1
1354,Hemani Dave,101,12783,Logistics,Nagpur,45,55,3,17,24,72.39476829,6,0
1219,Naksh Mittal,1112,37254,Healthcare,Nagpur,55,38,14,4,15,63.71364635,1,1
1418,Abhiram Bedi,849,43356,Retail,Indore,74,7,4,20,27,12.39101386,9,0
1923,Henry Shah,775,18261,Finance,Nashik,85,35,4,25,6,50.87417567,6,0
1839,Triya Sarkar,1910,7808,Tech,Ahmedabad,49,59,19,6,29,39.56515515,7,1
1712,Yoshita Bahl,1499,15616,Retail,Surat,68,16,0,2,6,31.29820186,7,0
1611,Lakshmi Saha,346,46131,Finance,Pune,14,39,18,26,14,53.25272938,7,1
1967,Chanchal Maharaj,1188,10655,Logistics,Dhule,22,17,11,2,29,38.33599835,8,1
1456,Agastya Chaudhary,1160,45806,Retail,Surat,63,38,16,5,8,79.46240988,4,1
1548,Zansi Mallick,712,6622,Tech,Pune,71,24,4,3,1,73.60619965,6,0
1932,Jacob Mand,140,21335,Healthcare,Dhule,94,38,5,6,44,72.13138796,8,0
1035,Sai Oommen,121,20781,Healthcare,Dhule,58,53,10,26,30,35.65246717,8,1
1593,Keya Bhasin,612,43890,Healthcare,Nashik,88,15,3,20,7,74.87985686,4,0
1552,Vritti Mani,1695,20646,Retail,Pune,70,6,10,29,34,73.2082748,3,1
1626,Darpan Sarma,1057,49623,Retail,Dhule,63,20,17,26,34,51.15108805,3,1
1811,Anay Venkatesh,1291,25420,Tech,Surat,65,37,14,4,20,51.00513849,7,1
1085,Vansha Narayan,1204,28954,Finance,Indore,16,42,6,25,22,67.0707696,2,0
1217,Yamini Nair,656,6917,Retail,Nashik,45,25,12,23,36,56.23816724,6,1
1028,Zashil Gupta,485,20254,Retail,Dhule,79,12,0,23,6,51.35772242,4,0
1677,Tanish Majumdar,1391,36705,Finance,Indore,29,53,0,11,15,40.31123145,9,0
1494,Ayushman Mall,1227,7198,Finance,Shirpur,75,6,4,12,1,75.40394765,3,0
1900,Tanmayi Parmer,1649,49064,Logistics,Mumbai,34,26,13,6,38,42.86996031,3,1
1213,Onkar Aggarwal,1209,44001,Tech,Pune,45,34,14,21,19,65.57194022,6,1
1227,Inaya Sarna,1454,44809,Finance,Nagpur,36,26,2,15,4,16.67694483,8,0
1203,Oviya Thaker,848,18703,Finance,Ahmedabad,31,15,7,11,30,14.79757862,3,0
1862,Manbir Chaudhry,1484,42311,Retail,Surat,48,5,6,0,27,25.27614429,4,0
1992,Pranit Guha,1986,26804,Retail,Nagpur,89,58,17,16,16,20.58678811,2,1
1029,Vedika Sabharwal,1315,49238,Retail,Dhule,15,45,0,27,37,43.21316549,6,0
1148,Krishna Contractor,1896,49243,Logistics,Surat,93,25,2,27,41,25.16461587,3,0
1937,Mugdha Vaidya,1268,12424,Finance,Ahmedabad,54,56,7,28,24,36.75185205,1,0
1958,Yatin Thaker,897,13711,Tech,Surat,22,16,9,2,17,69.00468002,9,1
1312,Sachi Sehgal,851,6120,Tech,Surat,70,21,17,21,17,44.2464687,10,1
1669,Chavvi Wali,789,29077,Retail,Nagpur,38,7,4,27,20,34.97896632,7,0
1086,Samaksh Hora,1685,26508,Finance,Pune,87,48,8,3,9,77.58984245,1,0
1392,Ekaraj Murty,437,41980,Tech,Pune,41,52,9,18,12,57.05987405,10,0
1353,Pallavi Ghosh,980,15380,Healthcare,Surat,14,48,14,21,39,35.79490229,9,1
1796,Agastya Rao,334,20585,Tech,Indore,80,21,16,20,18,28.23853376,2,1
1247,Aryan Walia,748,6908,Retail,Nagpur,48,21,2,14,5,50.52298372,7,0
1675,Yutika Shere,1550,34866,Finance,Indore,52,58,7,14,15,32.16362021,9,0
1782,Qabil Vala,668,22764,Retail,Nashik,66,35,16,22,10,42.77688209,10,1
1314,Anita Soman,708,37154,Retail,Dhule,77,47,19,16,4,14.67988436,9,1
1503,Dalaja Rajagopal,637,27419,Retail,Ahmedabad,63,50,14,20,0,26.41847122,6,1
1647,Idika Tiwari,901,33921,Healthcare,Nashik,84,15,19,13,17,28.2525518,10,1
1989,Maya Batta,617,46125,Tech,Ahmedabad,10,51,15,14,39,9.018241971,7,1
1670,Ekapad Mukhopadhyay,1798,14374,Logistics,Nashik,28,16,0,11,10,76.52777199,10,0
1960,Ekavir Raghavan,1374,22434,Logistics,Indore,37,55,1,27,1,24.89638168,7,0
1116,Lajita Pandya,819,13717,Healthcare,Nashik,48,19,13,29,25,43.40664325,5,1
1172,Rishi Bala,1862,33024,Healthcare,Ahmedabad,28,32,7,20,35,65.85994544,3,0
1696,Watika Gupta,189,34430,Finance,Ahmedabad,34,41,1,18,27,16.80286875,6,0
1179,Laban Mutti,602,16613,Logistics,Indore,76,54,13,28,23,66.79222862,10,1
1961,Aadi Parekh,976,25017,Healthcare,Indore,70,57,9,6,11,72.79647989,7,1
1823,Sudiksha Ghosh,1771,39080,Retail,Nagpur,22,17,17,7,11,73.10627653,2,1
1265,Kabir Radhakrishnan,541,28930,Healthcare,Mumbai,25,31,10,3,19,8.970195168,10,1
1733,Veer Bhatnagar,1313,20152,Finance,Ahmedabad,68,18,8,26,34,42.0006191,4,0
1044,Jalsa Muni,1599,15209,Retail,Shirpur,41,10,3,10,35,17.61774343,9,0
1062,Ayush Parmar,120,9300,Retail,Nashik,49,36,3,1,26,74.05781372,6,0
1155,Suhani Manda,300,11371,Logistics,Dhule,19,19,8,9,25,41.31598545,5,0
1771,Aarnav Singh,1192,23850,Retail,Ahmedabad,68,27,10,12,1,63.388691,9,1
1631,Faris Dhillon,317,16344,Healthcare,Indore,21,35,11,7,13,47.44164538,1,1
1800,Unni Dewan,687,9133,Retail,Pune,59,48,19,23,31,56.69594909,4,1
1598,Jagat Sama,1241,39888,Healthcare,Ahmedabad,93,48,9,14,12,39.5436913,1,1
1439,Zansi Sagar,915,25908,Logistics,Nashik,76,38,18,10,9,21.77019112,7,1
1023,Ekaraj Sarna,869,42626,Healthcare,Indore,90,42,6,6,24,75.00598453,2,0
1618,Ekanta Taneja,796,9090,Finance,Mumbai,68,6,6,21,23,36.20530028,2,0
1773,Amaira Tank,495,31685,Finance,Indore,57,49,4,1,28,50.07178962,7,0
1848,Harita Barman,138,31705,Logistics,Dhule,62,58,9,5,36,75.93323729,5,1
1491,Tanmayi Sant,589,11150,Healthcare,Shirpur,58,8,0,7,1,28.69518668,7,1
1431,Tara Vasa,1732,31838,Retail,Nashik,48,51,5,4,21,37.07518144,4,0
1241,Chakradev Gole,1868,45752,Logistics,Nashik,52,39,18,18,17,5.682363596,5,1
1481,Pavani Anne,1995,39911,Healthcare,Shirpur,57,20,7,28,28,17.35481721,5,0
1507,Yashawini Prabhu,507,39177,Logistics,Mumbai,68,47,15,22,8,44.51128745,9,1
1741,Jacob Puri,316,37123,Retail,Surat,37,43,0,26,34,49.00759309,10,0
1102,Udyati Andra,301,15488,Healthcare,Pune,15,46,4,21,19,79.29820529,7,0
1237,Henry Deol,1406,31614,Healthcare,Nagpur,36,19,18,23,8,68.12115948,1,1
1994,Devika Dua,1993,25581,Retail,Nagpur,41,23,19,9,41,45.86612645,9,1
1221,Wishi Dyal,895,25128,Logistics,Shirpur,41,35,14,13,11,64.93116093,5,1
1911,Warjas Mander,1453,41124,Finance,Dhule,31,27,19,6,27,13.4456922,7,1
1522,Umang Sheth,570,25607,Logistics,Dhule,34,41,2,21,2,40.7859782,8,0
1396,Turvi Gandhi,1843,30150,Retail,Mumbai,45,47,1,24,22,45.76133214,3,0
1830,Sneha Bajwa,610,44692,Retail,Indore,31,29,11,8,22,45.05270849,3,1
1715,Faraj Shenoy,1400,29574,Healthcare,Nagpur,31,16,14,28,30,5.018075351,8,1
1788,Agastya Seshadri,1034,37284,Finance,Dhule,58,49,16,23,27,30.17069332,6,1
1036,Ira Kala,352,18051,Finance,Nashik,85,25,3,9,28,40.00123669,9,0
1210,Rohan Vaidya,1962,41976,Tech,Ahmedabad,16,12,4,8,32,40.58398849,1,0
1708,Ranveer Agarwal,1749,17984,Tech,Indore,30,36,18,21,14,7.909959105,10,1
1332,Forum Vohra,1943,40659,Logistics,Ahmedabad,92,8,18,1,41,66.3770481,3,1
1879,Upadhriti Tailor,784,18507,Retail,Mumbai,69,24,1,15,23,71.51236546,9,0
1783,Udarsh Borah,1162,49641,Healthcare,Indore,17,18,4,2,43,18.69688477,7,0
1678,Yadavi Nagar,1958,25662,Retail,Pune,57,20,3,25,34,19.91973348,4,0
1705,Dhriti Kashyap,1319,21371,Finance,Ahmedabad,63,45,0,17,5,73.36826654,3,0
1744,Bimala Bhattacharyya,1921,45970,Tech,Surat,86,14,5,3,30,24.87252962,3,0
1539,Bimala Prakash,1465,36889,Tech,Mumbai,15,23,5,20,30,11.67573012,2,0
1636,Abdul Bandi,1735,20896,Logistics,Ahmedabad,83,59,19,13,16,57.35529098,9,1
1279,Ayushman Mann,101,12804,Healthcare,Mumbai,74,51,9,13,4,5.439854592,10,0
1597,Jackson Om,1761,6524,Healthcare,Nagpur,93,33,17,9,11,43.24888095,7,1
1564,Zarna Bala,966,41397,Retail,Nashik,19,38,19,9,24,52.09690515,3,1
1936,Neel Dayal,1058,10626,Retail,Indore,22,50,5,23,43,76.05709985,1,0
1502,Abeer Misra,858,28236,Tech,Dhule,12,59,19,1,24,40.05405016,1,1
1893,Jonathan Nagi,1782,16939,Tech,Ahmedabad,86,17,19,8,25,74.16674886,2,1
1880,Pooja Morar,771,12059,Tech,Indore,80,49,11,11,7,33.37606863,2,1
1672,Max Nagy,1668,35907,Finance,Shirpur,75,46,0,17,15,27.36127672,5,0
1814,Damyanti Agate,1045,14516,Healthcare,Nagpur,73,39,8,29,7,7.114350534,9,0
1538,Keya Swamy,669,21458,Finance,Surat,18,56,6,17,23,74.86583053,10,0
1809,Girindra Sarma,1297,8020,Retail,Nagpur,81,19,17,2,34,20.10493271,6,1
1444,Jason Kibe,1172,28570,Healthcare,Shirpur,74,14,18,12,12,75.78305903,9,1
1070,Aachal Ahluwalia,341,20183,Retail,Indore,73,50,0,13,7,23.01837638,5,0
1969,Hemang Badal,323,20251,Tech,Nashik,22,58,9,1,8,19.2810122,2,0
1014,Eta Rao,1582,19489,Logistics,Shirpur,90,36,5,9,12,33.21428516,1,0
1875,Jalsa Palla,1240,30821,Tech,Dhule,85,9,11,9,17,39.36899861,3,1
1972,Lopa Sharaf,1902,16536,Healthcare,Ahmedabad,30,58,7,11,32,65.44183769,1,0
1859,Tara Khanna,555,36966,Finance,Surat,24,5,13,4,43,12.79695319,5,1
1722,Maya Nagar,1019,49460,Healthcare,Indore,24,24,1,3,35,42.81975956,9,0
1948,Nikita Pradhan,1376,43158,Retail,Ahmedabad,26,51,8,5,20,66.45708903,9,0
1572,Nitesh Raj,1229,18081,Logistics,Shirpur,21,56,9,10,0,44.92701761,2,1
1328,Jackson Hans,246,40996,Logistics,Indore,80,44,18,7,25,13.49234174,4,1
1790,Jack Chandran,1346,42784,Healthcare,Mumbai,73,18,15,19,38,37.45753113,7,1
1056,Owen Ramaswamy,931,24963,Healthcare,Nagpur,13,30,6,20,27,49.71939314,6,0
1451,Raagini Brahmbhatt,1169,31737,Logistics,Dhule,38,29,1,16,5,69.63828675,7,0
1607,Dalaja Dasgupta,1570,29354,Tech,Nashik,79,23,9,13,39,36.63306815,1,1
1255,Qabil Chawla,1950,48925,Tech,Mumbai,43,18,12,21,38,42.70875814,8,1
1472,Triveni Kari,1379,24694,Healthcare,Nashik,24,58,6,24,1,64.4630034,5,0
1395,Ijaya Dugal,1286,45738,Healthcare,Nagpur,19,15,6,6,42,31.37823635,8,0
1942,Kala Koshy,831,6980,Logistics,Dhule,90,5,9,25,26,30.39155206,1,1
1996,Avi Kaur,1560,37981,Logistics,Dhule,21,40,8,13,8,76.13188667,3,0
1861,Abhimanyu Mody,994,17987,Finance,Surat,72,51,13,19,42,71.76655029,8,1
1454,Chatura Hegde,198,30522,Finance,Dhule,25,56,17,11,17,55.93787747,1,1
1902,Chaaya Hans,1538,36598,Logistics,Ahmedabad,41,23,18,19,13,65.95496782,7,1
1324,Harrison Sani,1054,34486,Healthcare,Shirpur,38,52,1,22,5,19.97523035,6,0
1604,Samarth Parikh,1395,14130,Healthcare,Dhule,46,35,4,21,23,65.50308558,7,0
1310,Nimrat Gara,1081,15789,Retail,Ahmedabad,13,44,0,5,1,32.45211993,4,1
1336,Yahvi Dyal,650,40442,Tech,Nagpur,10,36,11,27,10,46.69031106,4,1
1766,Tanvi Chand,950,23297,Healthcare,Shirpur,55,40,17,2,37,72.4709367,7,1
1755,Charan Taneja,495,16593,Tech,Shirpur,52,40,9,12,36,6.525581141,3,1
1471,Kritika Goyal,1284,36480,Finance,Nagpur,54,22,15,21,40,26.3889947,5,1
1561,Suhani Shere,983,40796,Healthcare,Pune,68,49,6,13,19,63.59679856,5,0
1871,Unni Baria,1532,18281,Retail,Shirpur,86,55,13,20,34,57.44846909,2,1
1558,Nisha Swamy,873,32529,Logistics,Pune,68,58,1,3,44,22.00689631,10,0
1335,Aditya Bhargava,1763,21478,Healthcare,Pune,78,32,15,16,1,56.96588208,8,1
1080,Harini Tandon,1551,38434,Tech,Ahmedabad,32,12,9,19,1,75.16422671,10,1
1017,Daksha Om,1223,37049,Healthcare,Ahmedabad,48,25,16,20,20,65.65995834,2,1
1887,Aarush Doctor,1336,16383,Tech,Shirpur,68,23,14,2,4,42.60811053,8,1
1160,Upadhriti Srivastava,1171,17199,Tech,Indore,83,9,6,13,40,37.27573803,1,0
1240,Robert Varkey,1072,47078,Logistics,Pune,26,42,0,4,35,74.46447398,8,1
1119,Liam Krish,978,7125,Tech,Ahmedabad,22,45,16,18,23,31.41732313,10,1
1840,Harshil Gole,544,17713,Finance,Shirpur,33,5,3,16,16,55.34783177,4,0
1999,Neel Ahuja,1688,48408,Healthcare,Pune,17,39,5,20,6,10.84953998,6,0
1112,Ekanta Narayan,1116,27195,Logistics,Pune,28,7,11,24,23,9.482170563,2,1
1117,Nidhi Taneja,1872,33699,Finance,Nagpur,77,39,6,21,12,75.55176408,3,0
1410,Pushti Thaman,739,24956,Tech,Surat,56,5,6,4,5,33.42169324,6,0
1825,Shaurya Chauhan,1488,12314,Healthcare,Ahmedabad,35,39,1,12,11,9.937238252,3,0
1400,Ekantika Sampath,1703,13577,Healthcare,Surat,20,8,13,26,29,55.77783612,1,1
1943,Ati Mahajan,851,31431,Tech,Dhule,63,39,11,10,39,40.50762002,5,1
1430,Faraj Dara,897,46949,Healthcare,Surat,38,23,18,16,13,67.06859131,7,1
1700,Farhan Venkatesh,1725,18919,Healthcare,Surat,20,26,4,14,5,22.99616778,9,0
1543,Daniel Radhakrishnan,937,31657,Tech,Surat,25,41,16,16,36,16.73969101,1,1
1069,Parth Saran,113,45118,Retail,Surat,22,39,6,17,27,39.92941833,4,0
1767,Dominic Nayar,1629,35448,Healthcare,Indore,71,24,6,16,22,73.31181652,7,0
1794,Harish Arora,1338,34192,Logistics,Dhule,20,19,9,8,42,54.04956661,3,0
1398,Abdul Mistry,1804,48082,Healthcare,Mumbai,82,36,7,20,42,64.25985303,2,0
1855,Osha Batta,1761,35220,Tech,Pune,85,39,19,27,21,21.42943798,5,1
1681,Vanya Garde,1291,45998,Retail,Pune,20,34,16,6,11,36.00068449,6,1
1589,Ria Shah,1112,36987,Finance,Indore,31,22,10,12,4,20.44154831,9,1
1285,Gaurang Doctor,1348,14184,Healthcare,Nashik,48,54,8,14,32,25.30127032,10,0
1394,Avni Balakrishnan,921,18224,Logistics,Dhule,87,46,19,11,32,32.94928474,7,1
1574,Gopal Mand,1782,11819,Finance,Nashik,27,40,8,22,12,34.46293074,2,0
1273,Reva Keer,1736,48303,Logistics,Mumbai,68,26,11,2,36,31.71454576,1,1
1914,Nihal Dass,1067,11540,Retail,Surat,81,32,6,20,43,23.9574395,10,0
1658,Girik Sane,1139,46786,Retail,Mumbai,88,28,14,24,26,61.45453534,1,1
1578,Qadim Luthra,1910,36463,Finance,Nashik,76,23,5,27,34,42.73044502,10,0
1585,Bhavya Gupta,1953,26792,Finance,Surat,30,13,0,2,12,19.3329217,6,0
1660,Chaitanya Suri,435,39268,Finance,Indore,12,48,2,6,34,38.50791191,8,0
1486,Ranveer Ganesh,953,17175,Retail,Nagpur,85,51,6,2,40,79.19599588,10,0
1151,Sanaya Mane,1117,12561,Finance,Shirpur,58,42,15,4,38,7.436494752,8,1
1041,Nitara Sachar,1182,11941,Finance,Nagpur,90,43,2,9,9,43.15294882,6,0
1630,Jagvi Ramakrishnan,1011,17254,Tech,Indore,29,57,14,13,22,20.77071334,3,1
1524,Irya Hans,1215,33529,Logistics,Dhule,17,27,12,9,38,22.66744509,7,1
1054,Radhika Guha,1690,24856,Tech,Surat,43,8,4,7,15,25.52497887,4,0
1233,Krishna Narang,289,24216,Logistics,Nashik,37,46,8,3,16,79.89206049,2,0
1544,Vasudha Gopal,1906,44952,Finance,Indore,12,31,4,6,27,32.49782751,8,0
1986,Chandresh Wali,484,35015,Healthcare,Shirpur,61,54,9,21,0,61.87885787,10,1
1922,Vrinda Patel,1471,28411,Tech,Nashik,68,19,6,14,22,16.05904381,7,0
1234,Maya Doctor,1348,32534,Healthcare,Ahmedabad,24,58,0,20,4,6.861290858,1,1
1723,Aarnav Apte,291,38933,Finance,Shirpur,85,43,0,9,23,69.92337773,7,0
1034,Indira Doctor,1437,31698,Finance,Surat,72,28,3,9,7,76.30585349,8,0
1153,Michael Choudhury,1151,21616,Finance,Mumbai,80,50,2,4,11,45.43953456,4,0
1268,Leela Dua,1633,25611,Finance,Ahmedabad,19,35,17,8,12,23.0113697,4,1
1526,Vidhi Varma,933,32856,Finance,Shirpur,67,18,1,19,1,69.46272317,3,0
1154,Siddharth Pillai,234,31734,Logistics,Indore,12,56,15,10,6,77.66110179,10,1
1341,Zaitra Ahluwalia,572,10779,Finance,Indore,65,58,5,12,20,44.350423,1,0
1047,Krisha Pau,1906,36703,Healthcare,Dhule,92,32,10,24,36,26.47098966,5,1
1501,Aarav Anne,1805,47880,Healthcare,Indore,92,51,2,12,13,28.76847604,2,0
1901,Maanav Subramaniam,1266,12813,Finance,Ahmedabad,86,47,15,12,27,18.23089328,6,1
1467,Sneha Sinha,290,15998,Healthcare,Pune,92,21,6,22,28,26.51349842,9,0
1248,Omaja Ramachandran,417,13567,Finance,Nagpur,32,58,7,4,41,19.13748896,2,0
1673,Balhaar Issac,1056,18409,Tech,Pune,83,31,15,1,25,14.48481841,3,1
1750,Wriddhish Loke,496,20934,Finance,Indore,63,18,16,2,11,53.45352081,9,1
1115,Aishani Chakrabarti,1848,5055,Finance,Dhule,56,53,15,25,44,28.59407251,7,1
1322,Pavani Misra,759,48872,Finance,Indore,47,18,1,23,29,12.63854489,9,0
1601,Irya Raja,587,42904,Tech,Pune,37,46,17,29,38,33.76755433,7,1
1963,Yachana Puri,1242,44110,Finance,Nagpur,11,50,17,24,42,46.42535101,4,1
1695,Adweta Ahluwalia,948,42114,Finance,Nashik,47,51,18,25,8,40.30294605,3,1
1157,Jagvi Mangat,879,19369,Finance,Nagpur,89,29,12,12,36,46.37659759,3,1
1184,Warjas Prabhu,492,18046,Tech,Surat,82,12,14,15,35,43.7848919,1,1
1889,Vasana Choudhury,863,28821,Finance,Mumbai,22,31,16,27,33,35.71706954,7,1
1351,Tamanna Kaur,1116,7443,Finance,Indore,41,12,19,21,8,72.10606781,8,1
1263,Nihal Kapadia,1953,20524,Logistics,Mumbai,42,19,18,11,41,58.47607189,6,1
1478,Vedhika Cherian,665,40822,Healthcare,Nagpur,66,39,2,14,21,13.46304084,5,0
1104,Kai Munshi,369,10240,Retail,Nashik,66,30,11,0,0,42.36419744,3,1
1588,Hiral Madan,1516,6762,Retail,Shirpur,16,54,17,18,30,62.54250456,6,1
1916,Turvi Saraf,1071,21422,Healthcare,Shirpur,66,24,18,5,41,33.73733514,4,1
1776,Dalbir Misra,990,12906,Healthcare,Dhule,82,8,5,10,17,16.61320112,3,0
1778,Mason Singh,1607,38660,Logistics,Pune,60,44,12,25,9,32.3785675,7,1
1320,Ati Banik,1472,37265,Retail,Nashik,47,17,16,1,33,23.58593322,4,1
1531,Bakhshi Bhatia,1788,46196,Tech,Dhule,90,41,0,1,8,77.43278329,5,1
1169,Owen Palla,825,15554,Retail,Nashik,50,31,10,14,0,56.45683655,5,1
1488,Elijah Sethi,1061,26389,Finance,Dhule,45,46,8,20,15,31.62614496,1,0
1756,Alka Modi,544,45042,Retail,Indore,31,49,18,3,14,20.38903572,7,1
1613,Yashvi Bhatnagar,253,24933,Retail,Dhule,55,35,3,16,4,8.926038382,3,0
1232,Niharika Rajagopalan,1354,48336,Tech,Nashik,34,5,11,5,42,9.999487237,4,1
1924,Girish Varghese,189,8093,Retail,Dhule,58,59,10,15,22,47.43104799,2,1
1449,Advaith Manne,257,11645,Logistics,Shirpur,12,59,6,28,2,13.49325887,6,0
1510,Kabir Bal,1629,16382,Healthcare,Nagpur,13,40,17,20,20,21.45420419,4,1
1581,Neelima Natarajan,1469,7711,Finance,Mumbai,70,56,17,27,4,30.51672458,9,1
1945,Aradhana Zacharia,1008,46752,Tech,Pune,10,12,11,0,3,70.16008219,1,1
1726,Samaksh Kumer,1222,39801,Finance,Nagpur,90,55,15,16,24,31.73035519,7,1
1919,Wahab Dua,472,40612,Tech,Shirpur,41,43,10,27,10,17.8076195,5,1
1704,Tanveer Mahal,716,46773,Finance,Mumbai,64,31,19,4,36,55.02776428,8,1
1822,Veer Srinivas,438,31572,Tech,Pune,45,44,16,2,2,43.78384481,3,1
1330,Advay Baria,963,19382,Finance,Nashik,56,32,0,18,5,41.38046819,3,0
1752,Irya Yogi,1142,46844,Healthcare,Ahmedabad,84,16,9,11,30,74.94860754,3,0
1379,Ojasvi Agrawal,1545,41244,Retail,Surat,41,27,2,17,6,65.57767768,9,0
1532,Raghav Gaba,1821,39072,Tech,Nashik,92,33,1,29,20,21.14517843,7,0
1397,Odika Gaba,1056,39393,Tech,Ahmedabad,43,21,6,11,32,10.45521963,2,0
1751,Aadhya Kalita,798,43197,Retail,Surat,35,38,0,23,14,16.29582148,7,0
1090,Mitesh Dua,1121,28061,Healthcare,Pune,92,20,14,7,5,7.088078845,9,1
1971,Vrinda Guha,276,8224,Finance,Surat,94,56,5,29,28,5.030115802,1,0
1603,Guneet Banerjee,996,5060,Healthcare,Surat,10,46,16,27,31,72.21771869,9,1
1178,Anthony Pai,1341,32139,Tech,Mumbai,31,44,15,25,21,54.34624334,4,1
1435,Gaurang Ganesh,1604,32965,Retail,Shirpur,22,27,16,19,24,11.72756893,3,1
1271,Nandini Kaul,1510,22449,Logistics,Surat,28,10,6,17,32,48.27020925,10,0
1038,Omkaar Gala,956,11949,Retail,Dhule,64,6,6,24,14,7.817467216,1,0
1734,Ubika Karan,1859,28895,Logistics,Nashik,52,6,8,12,7,8.005181476,6,0
1261,Vrishti Pingle,1815,28325,Logistics,Ahmedabad,71,51,0,24,37,5.637168396,9,0
1768,Lucky Bumb,1490,31172,Logistics,Pune,16,22,12,8,25,75.74825839,1,1
1810,Abdul Dora,1776,46755,Healthcare,Pune,49,47,19,23,36,76.9268132,8,1
1898,Oviya Sankar,1356,32083,Retail,Mumbai,48,57,1,27,27,46.99178989,1,0
1347,Brinda Mishra,1887,17999,Healthcare,Mumbai,61,13,9,11,42,38.7352993,5,1
1865,Yamini Kala,447,10445,Tech,Pune,41,33,19,14,22,39.63548612,6,1
1551,Lajita Tripathi,1176,45760,Finance,Indore,51,40,16,4,26,11.40563621,7,1
1355,Yadavi Dyal,996,49241,Healthcare,Pune,58,43,7,24,18,72.21925374,6,0
1591,Henry Mukhopadhyay,1181,17112,Tech,Nagpur,62,24,9,19,39,39.91152293,6,1
1624,Ekansh Naik,193,25491,Finance,Dhule,17,21,16,27,4,33.45241987,7,1
1784,Jagrati Kala,208,22674,Logistics,Indore,88,10,1,2,11,48.04813813,4,0
1235,Samar Krishna,1508,19231,Finance,Nagpur,13,46,18,0,44,67.64330451,3,1
1738,Kashvi Raja,1818,48001,Tech,Surat,29,41,10,5,18,55.00316415,6,1
1807,Isha Kapadia,1353,45996,Finance,Mumbai,46,44,16,12,7,71.73117427,7,1
1668,Jonathan Choudhary,1787,26776,Retail,Surat,70,49,5,5,23,44.85049649,7,0
1546,Anamika Loyal,1102,36896,Tech,Ahmedabad,73,56,19,7,10,16.95461636,2,1
1803,Balhaar Doctor,1053,8972,Healthcare,Ahmedabad,61,49,17,24,4,49.43622454,7,1
1317,Ethan Bajaj,286,43141,Finance,Mumbai,64,39,0,3,9,28.12640913,1,0
1786,Urvi Sachdeva,1165,28874,Logistics,Surat,62,20,3,25,38,46.75319424,1,0
1257,Nidhi Bhandari,1795,26852,Retail,Mumbai,84,10,7,17,10,38.15496598,4,0
1356,Kalpit Nagar,1427,22368,Healthcare,Ahmedabad,67,46,8,17,4,56.42845766,2,0
1523,Falguni Varkey,1266,42599,Finance,Shirpur,45,34,14,9,11,14.81608539,4,1
1164,Lucky Cheema,1851,20913,Logistics,Shirpur,52,52,16,23,19,51.15716863,8,1
1689,Umang Goel,1425,18737,Logistics,Ahmedabad,30,44,12,22,5,45.24556319,9,1
1195,Girik Sridhar,1364,27350,Healthcare,Dhule,19,9,7,29,43,33.77067803,10,0
1216,Lakshmi Hora,781,6828,Healthcare,Dhule,19,35,9,27,18,69.08865769,3,0
1290,Tara Nayar,1176,23381,Logistics,Mumbai,18,18,12,19,2,60.46724361,9,1
1105,Bishakha Narula,1986,48221,Healthcare,Nagpur,37,24,10,11,16,29.71478103,6,1
1364,Hiral Srinivasan,1356,20343,Finance,Shirpur,48,9,19,3,31,23.83940035,4,1
1387,Vrinda Rout,198,7708,Finance,Mumbai,27,13,12,29,4,44.56847168,6,1
1006,Xavier Ratta,1195,22100,Healthcare,Nagpur,57,46,12,25,4,59.34184319,1,1
1569,Yachana Ganguly,368,26172,Finance,Dhule,90,40,7,16,40,73.17541916,10,0
1955,Yug Shukla,549,10776,Tech,Dhule,17,30,11,17,2,69.70780831,8,1
1908,Leena Srivastava,570,16745,Logistics,Mumbai,37,52,3,12,24,32.67632993,5,0
1780,Tejas Dixit,1274,42443,Tech,Indore,46,18,13,14,8,51.73793184,1,1
1714,Avi Randhawa,828,44837,Logistics,Surat,83,13,6,11,23,45.01658252,10,0
1929,Max Modi,639,37347,Logistics,Ahmedabad,61,31,8,28,8,23.35366978,5,0
1801,Vinaya Merchant,1132,19663,Retail,Surat,19,38,4,9,22,14.53269603,4,0
1617,Chandresh Singh,1209,31212,Tech,Indore,65,36,9,7,9,41.22996839,10,0
1482,Jacob Kari,785,26591,Retail,Ahmedabad,75,10,6,18,34,37.23734431,8,0
1984,Abha Om,1222,41935,Logistics,Surat,42,49,7,11,31,27.60921398,10,0
1511,Vasatika Bassi,1002,19596,Retail,Shirpur,69,25,17,12,0,39.82626874,1,1
1549,Damyanti Chhabra,1092,45809,Retail,Dhule,51,29,15,5,39,17.52126343,7,1
1847,Sachi Sarkar,1654,41766,Finance,Dhule,64,51,16,13,23,14.47126044,3,1
1512,Hitesh Anne,1948,38572,Healthcare,Surat,84,12,13,16,20,37.49381992,9,1
1729,Janaki Sibal,1108,30280,Tech,Indore,59,58,14,18,17,66.25950272,3,1
1475,Waida Sagar,117,44986,Logistics,Dhule,62,53,0,23,15,22.42172406,6,1
1496,Nidhi Devan,1934,41220,Finance,Pune,54,31,16,12,30,68.7935148,4,1
1950,Anjali Nayar,1717,23639,Tech,Pune,67,15,16,1,32,13.98199748,9,1
1528,Bahadurjit Joshi,826,17808,Retail,Pune,71,11,19,16,22,41.16689228,4,1
1346,Pratyush Parmar,362,49165,Tech,Surat,72,35,6,29,29,11.40518632,3,0
1381,Kritika Mangal,1975,6645,Healthcare,Mumbai,32,36,13,12,31,9.744005667,5,1
1477,Siddharth Luthra,1858,25059,Tech,Indore,39,22,3,17,34,29.6191317,3,0
1470,David Setty,1027,13519,Finance,Surat,50,46,19,5,12,17.30476912,8,1
1885,Sarthak Parikh,179,14077,Retail,Ahmedabad,48,55,9,21,26,62.78283521,1,1
1277,Libni Kar,798,44711,Retail,Dhule,12,38,7,1,43,36.51872014,7,0
1594,Oscar Bir,1874,5481,Retail,Nashik,13,41,5,16,23,20.51539066,8,0
1209,Meera Sant,1283,31386,Healthcare,Indore,77,17,12,27,13,11.00475519,6,1
1917,Noah Deep,1531,8342,Healthcare,Surat,15,23,5,4,19,64.59971693,3,0
1015,Xiti Rege,187,48125,Tech,Dhule,75,33,9,23,15,32.55053865,1,1
1836,Brinda Gulati,1193,7469,Tech,Nagpur,78,31,16,24,27,29.33799869,4,1
1442,Aradhana Badal,646,12311,Finance,Mumbai,58,51,15,17,1,17.07383238,6,1
1413,Qasim Mane,559,33734,Logistics,Shirpur,28,52,2,9,23,66.34726208,5,0
1065,Liam Rajagopal,1397,17015,Healthcare,Pune,78,40,11,18,25,39.36536039,3,1
1686,Teerth Khanna,496,12564,Healthcare,Dhule,68,36,14,26,16,62.84323055,5,1
1590,Gunbir Barad,1764,20850,Tech,Indore,83,9,0,11,23,29.12647765,2,1
1629,Urishilla Natt,1327,10895,Finance,Surat,36,43,8,8,28,8.634817436,1,0
1390,Xiti Gill,1013,36880,Logistics,Surat,39,24,11,19,21,69.83022404,10,1
1343,Chatresh Singh,1538,19153,Finance,Mumbai,34,28,8,26,39,30.34990858,6,0
1649,Onveer Deshpande,1346,49813,Tech,Indore,57,36,8,22,32,70.03641133,5,0
1033,Lohit Upadhyay,559,42441,Healthcare,Surat,90,15,16,15,19,19.50044252,1,1
1579,Banjeet Arora,1727,33769,Tech,Surat,47,42,13,8,11,11.2185936,1,1
1974,Hemang Datta,1405,18547,Logistics,Shirpur,90,15,10,9,33,19.36172112,10,1
1429,Qushi Morar,1400,6759,Tech,Nagpur,70,14,16,8,34,10.66453145,2,1
1474,Barkha Varkey,227,11722,Finance,Mumbai,20,20,12,4,44,78.13153773,9,1
1537,Daksh Parikh,413,13996,Logistics,Indore,80,50,17,6,1,35.37508239,6,1
1907,Zehaan Sangha,755,49569,Finance,Mumbai,76,30,12,25,43,76.04801744,10,1
1749,Wridesh Nori,1465,19899,Tech,Ahmedabad,45,28,3,21,18,34.61054622,1,0
1505,Lipika Mallick,1941,42609,Retail,Mumbai,73,16,19,22,25,28.4633471,1,1
1694,Unni Munshi,826,5545,Logistics,Dhule,93,46,6,12,1,37.20859228,8,0
1837,Oscar Rau,1375,27534,Finance,Pune,73,29,2,11,13,75.88418366,8,0
1045,Anmol Kala,799,22715,Logistics,Shirpur,77,23,17,22,19,19.24510577,3,1
1316,Vaishnavi Saxena,1247,7336,Tech,Mumbai,10,5,2,8,43,75.24276636,9,0
1011,Reyansh Borah,566,31657,Logistics,Pune,72,35,9,5,36,63.34320551,8,1
1732,Harsh Gandhi,762,9494,Logistics,Mumbai,42,35,0,8,8,50.28523091,2,0
1010,Oviya Sundaram,221,47783,Logistics,Mumbai,74,47,5,17,15,41.39500568,9,0
1661,Lohit Wable,1882,11737,Logistics,Indore,89,23,18,24,36,5.532239937,5,1
1964,Yashodhara Andra,1115,22343,Healthcare,Nagpur,91,57,4,10,39,8.788060312,4,0
1204,Divya Raj,1778,27700,Tech,Surat,39,32,5,11,8,32.88775884,1,0
1212,Ekanta Garde,1366,7048,Tech,Mumbai,18,32,17,4,38,11.35746158,1,1
1288,Kashvi Nair,1761,39016,Tech,Nashik,63,21,15,15,11,71.12817272,3,1
1468,Matthew Keer,352,35678,Logistics,Nagpur,28,6,7,19,17,26.03412986,7,0
1152,Samar Nagy,140,13258,Retail,Ahmedabad,85,19,12,12,2,49.64576308,5,1
1576,Samuel Tak,219,29762,Tech,Nashik,71,43,3,0,11,48.35540765,4,0
1709,Turvi Goda,1616,38039,Tech,Mumbai,53,30,17,21,44,19.00793962,7,1
1739,Anika Edwin,1648,6828,Finance,Indore,47,32,6,3,29,26.32162168,6,0
1428,Hamsini Dora,325,14984,Retail,Pune,73,27,13,16,11,62.92006676,2,1
1820,Aradhana Mukherjee,1288,35561,Logistics,Mumbai,37,27,19,19,21,35.60303462,10,1
1899,Hardik Ganesan,1428,26510,Logistics,Pune,81,49,3,20,38,41.48037767,4,0
1207,Gaurika Sehgal,1159,35105,Healthcare,Surat,74,43,6,15,36,63.53533538,3,0
1206,Harsh Mannan,640,11469,Healthcare,Mumbai,37,16,15,4,13,21.6334619,6,1
1053,Jhalak Mallick,1999,44811,Logistics,Surat,23,56,3,6,28,10.48138183,9,0
1693,Niharika Chand,134,13502,Retail,Dhule,51,58,15,5,24,27.74061453,2,1
1325,Jonathan Baria,502,11371,Finance,Pune,14,19,18,29,2,32.84531904,1,1
1690,Suhani Samra,1376,14323,Logistics,Nashik,21,37,3,1,23,75.11165303,3,0
1452,Sarthak Divan,1496,16485,Finance,Nagpur,41,18,3,3,18,40.78323633,6,0
1175,Rachana Shah,742,6605,Tech,Surat,39,44,11,3,18,10.29125478,3,1
1831,Oeshi Rai,1450,38130,Finance,Pune,11,35,0,19,28,70.95970201,6,0
1327,Charita Kumar,1634,45631,Healthcare,Nagpur,30,8,15,14,2,59.41011263,6,1
1835,Agastya Sahota,1927,8738,Retail,Nagpur,71,9,10,15,29,25.86077303,7,1
1951,Janaki Kibe,982,24994,Logistics,Indore,81,43,16,26,9,44.89497332,9,1
1081,Frado Suri,608,9188,Healthcare,Nagpur,11,28,0,16,24,73.41556784,8,0
1567,Aarav Pant,1943,43709,Tech,Pune,88,58,8,11,25,52.54170964,5,0
1088,Bhavya Shan,1511,42545,Finance,Surat,76,13,0,14,24,50.04010762,6,0
1180,Lavanya Gade,866,15589,Retail,Mumbai,15,14,8,4,42,53.56398467,10,0
1540,Yasti Ghosh,404,31665,Finance,Surat,38,17,13,21,32,43.36442306,3,1
1005,Yuvraj Murty,1230,39816,Healthcare,Surat,77,44,19,29,7,11.24432435,3,1
1779,Wridesh Kara,1688,15222,Healthcare,Nagpur,93,55,7,21,34,37.4327875,1,0
1954,William Bhat,1938,44341,Logistics,Surat,81,16,0,14,21,55.14100213,6,1
1716,Ganga Bassi,1120,8430,Logistics,Dhule,92,30,11,15,28,23.0933252,9,1
1305,Alexander Vaidya,379,10408,Tech,Pune,31,40,13,21,1,23.89986662,9,1
1026,Waida Singhal,1537,24198,Retail,Surat,82,55,5,26,7,53.57900408,1,0
1278,Pahal Grewal,212,16954,Retail,Surat,83,30,18,8,4,47.1583162,8,1
1365,Bhavani Jayaraman,1222,43727,Healthcare,Indore,31,57,4,11,25,29.04256895,1,0
1345,Aadi Cherian,1734,15789,Finance,Surat,70,47,10,15,21,49.05274014,8,1
1419,Dayamai Bera,1793,32696,Logistics,Mumbai,38,13,18,7,9,22.40589334,3,1
1754,Kritika Palla,1735,39157,Finance,Ahmedabad,49,10,14,7,36,59.71410665,6,1
1289,Samesh Rastogi,1253,16246,Healthcare,Shirpur,46,18,12,11,28,75.64291904,10,1
1834,Maanav Joshi,1255,25670,Logistics,Nashik,55,49,2,17,6,10.28455083,10,0
1680,Aarnav Bhargava,1540,17651,Finance,Ahmedabad,33,58,10,3,39,9.551230171,4,1
1156,Chaman Borah,1963,31069,Finance,Dhule,44,50,13,19,32,9.770107728,4,1
1858,Arunima Sankaran,575,39832,Finance,Indore,24,7,8,7,17,62.74802137,6,0
1458,Orinder Virk,1472,42641,Finance,Surat,82,39,10,0,4,26.55519004,8,1
1280,Ishwar Balan,741,11565,Healthcare,Indore,17,9,6,3,30,10.88824013,7,0
1832,Nakul Prabhu,316,37088,Finance,Shirpur,40,26,11,24,16,35.75178401,2,1
1777,Oeshi Bains,1592,12287,Retail,Ahmedabad,44,25,8,26,13,18.71921945,1,0
1012,Dalbir Kalita,1338,41187,Logistics,Indore,60,21,14,23,2,33.67724983,1,1
1185,Lajita Chand,306,29818,Logistics,Shirpur,57,59,4,12,3,13.77983097,6,0
1980,Yadavi Bhakta,788,40201,Healthcare,Indore,83,32,3,5,43,53.11847609,2,0
1806,Kalpit Taneja,1376,34125,Finance,Nagpur,12,27,13,15,13,22.74748486,1,1
1350,Shravya Sarraf,723,29938,Tech,Dhule,55,6,17,2,33,42.09477896,7,1
1142,Gopal Rau,692,6062,Healthcare,Nagpur,78,25,7,23,9,63.09894648,5,0
1393,Xalak Jhaveri,1829,37409,Logistics,Ahmedabad,51,7,8,12,27,6.209348478,5,0
1713,Aachal Shetty,1543,42129,Healthcare,Surat,63,44,12,28,30,33.26079708,10,1
1727,Abdul Bumb,1671,37913,Retail,Ahmedabad,55,40,13,19,31,61.07388684,9,1
1527,Ekalinga Samra,1923,7573,Retail,Shirpur,54,14,7,8,21,58.23387877,6,0
1802,Jasmit Chowdhury,1197,26754,Tech,Ahmedabad,41,9,12,0,12,31.7542377,5,1
1466,Azaan Banerjee,1239,49039,Finance,Surat,38,59,15,13,27,79.94054742,5,1
1854,Bachittar Rajan,1343,26727,Finance,Dhule,27,20,15,14,10,61.53602847,9,1
1046,Jatin Bhargava,1075,33920,Finance,Pune,27,42,19,1,44,39.55341285,5,1
1114,Jonathan Rastogi,395,22022,Healthcare,Dhule,75,20,9,4,43,29.68053346,1,0
1031,Bhavika Banerjee,376,44764,Logistics,Indore,61,39,1,19,7,31.95678701,6,0
1293,Ekanta Sood,1795,9018,Healthcare,Dhule,68,48,4,9,8,35.77277914,8,0
1176,Azad Krish,1892,10622,Finance,Ahmedabad,62,27,16,10,0,75.05247433,9,1
1174,Jeevika Bala,1585,31900,Logistics,Nagpur,75,26,17,0,15,45.35907575,5,1
1592,Ryan Som,733,29058,Tech,Mumbai,88,27,8,0,32,75.73968873,2,0
1873,Janya Kar,1028,38339,Retail,Indore,82,7,16,29,41,8.89745736,2,1
1072,Nathaniel Luthra,1469,11090,Healthcare,Mumbai,28,32,5,23,28,39.1599179,9,0
1550,Xalak Pandya,363,21725,Healthcare,Nashik,85,10,17,24,40,14.08665959,1,1
1027,Krisha Deshpande,905,24758,Tech,Shirpur,22,58,19,17,32,7.197458233,7,1
1135,Jack Divan,1467,44650,Tech,Mumbai,71,52,5,21,14,62.51366734,9,0
1423,Ayushman Grover,662,29917,Finance,Ahmedabad,43,37,8,6,13,36.13303826,6,0
1275,Charan Saran,1051,34287,Finance,Indore,86,27,18,24,43,47.00869873,4,1
1445,Umang Chahal,1635,23449,Finance,Pune,71,18,9,13,33,5.287271788,9,0
1348,Victor Misra,243,5814,Retail,Indore,34,43,9,29,29,61.72670411,7,1
1166,Dhruv Vyas,198,24123,Finance,Ahmedabad,48,51,11,7,31,8.081177372,2,1
1648,Gautami Datta,1303,21774,Finance,Mumbai,39,32,18,21,22,65.89758068,5,1
1380,Jack Raval,203,41185,Finance,Dhule,55,10,15,4,25,23.47611854,7,1
1479,Ekantika Barad,669,18575,Logistics,Mumbai,27,57,2,5,35,70.25186941,2,0
1296,Aashi Menon,346,46157,Finance,Mumbai,70,23,1,25,2,19.32966045,2,0
1966,Yadavi Issac,473,46652,Logistics,Indore,39,20,1,19,28,59.02799095,5,0
1518,Dakshesh Desai,611,34975,Logistics,Nagpur,40,58,17,18,27,63.04963155,1,1
1089,Urishilla Bora,1125,41668,Finance,Dhule,25,51,10,12,2,44.75392544,5,1
1342,Janaki Badal,250,17298,Finance,Shirpur,32,12,5,14,35,52.95311004,4,0
1719,Tanish Dube,1517,37733,Finance,Mumbai,80,36,3,12,16,65.44293819,2,0
1728,Upma Seshadri,1077,45600,Logistics,Dhule,23,28,2,5,17,46.30179085,8,0
1476,Qadim Mistry,1916,29160,Healthcare,Ahmedabad,55,55,7,20,23,71.09731592,9,0
1818,Ridhi Randhawa,1640,6591,Tech,Nagpur,19,50,4,9,33,59.02500269,1,0
1651,Bishakha Sahni,1782,13820,Retail,Nashik,47,51,1,19,39,8.522331681,3,0
1692,Priya Kumer,853,49481,Healthcare,Indore,13,45,13,17,19,68.19008813,3,1
1337,Ekantika Gaba,437,44666,Logistics,Shirpur,77,49,7,25,38,57.46459028,8,0
1134,Samuel Vaidya,620,28333,Retail,Ahmedabad,17,59,2,4,0,76.06738447,7,0
1562,Harini Ghosh,1473,29027,Tech,Dhule,11,23,4,4,37,6.455093421,5,0
1988,Yashodhara Bhardwaj,922,22773,Retail,Nagpur,63,47,13,16,32,47.77343809,9,1
1093,Raksha Bansal,1229,44144,Logistics,Surat,89,28,6,9,17,52.13779251,8,0
1388,Ayaan Oommen,252,16694,Retail,Mumbai,31,41,3,3,25,54.15769838,8,0
1211,Sara Wagle,1822,44051,Logistics,Shirpur,58,58,19,11,34,5.747692605,9,1
1048,Gauri Goswami,289,47318,Retail,Nagpur,52,6,13,19,21,23.55972359,10,1
1378,Mason Sharma,1543,27116,Logistics,Ahmedabad,22,33,7,16,22,30.92202778,6,0
1291,Deepa Bhattacharyya,1807,41455,Finance,Dhule,91,17,16,4,25,11.49648206,10,1
1905,Varenya Tank,1689,34241,Finance,Indore,47,12,13,26,41,62.46178262,6,1
1554,Omya Bora,1743,34402,Tech,Nagpur,20,36,15,3,38,36.22136964,6,1
1145,Warjas Chaudhry,518,9632,Tech,Dhule,50,53,14,22,33,13.60564688,4,1
1657,Meera Yadav,615,22905,Tech,Dhule,64,46,13,23,18,6.509129139,2,1
1258,Sneha Badal,1731,13007,Tech,Shirpur,70,39,11,15,13,30.05784891,2,1
1884,Isaiah Majumdar,1272,13073,Healthcare,Ahmedabad,64,8,1,15,3,79.37646053,10,0
1473,Rajata Chaudhry,1446,8300,Tech,Surat,12,15,8,27,36,72.9317593,1,0
1183,Frederick Nigam,894,32446,Retail,Indore,19,53,5,20,35,74.34939572,2,0
1406,Wazir Chanda,1515,9971,Retail,Shirpur,37,26,16,9,25,65.66439043,7,1
1851,Aayush Dutt,272,31123,Retail,Nashik,31,33,7,21,33,24.86122413,7,0
1640,Ekta Gole,456,42641,Logistics,Shirpur,25,30,16,6,13,37.03343348,7,1
1619,Timothy Singhal,1408,11960,Tech,Pune,38,56,7,29,17,78.33902701,6,0
1863,Logan Chakraborty,1124,36575,Logistics,Dhule,22,21,0,21,39,66.70701823,10,1
1798,Veda Mani,757,45059,Finance,Pune,43,58,9,11,20,11.82015874,8,0
1109,Zarna Babu,1585,34721,Tech,Mumbai,42,7,16,24,40,71.18308935,7,1
1541,Wriddhish Bansal,1815,43243,Finance,Dhule,67,46,7,26,38,73.88911478,2,0
1331,Chavvi Sunder,1834,23755,Healthcare,Shirpur,93,20,9,10,42,45.5620298,7,0
1408,Unni Khurana,1318,6990,Healthcare,Nagpur,81,39,1,12,37,47.84096883,9,0
1797,Mohini Goswami,1966,30559,Logistics,Indore,67,45,17,12,21,11.43457137,5,1
1063,Dhriti Murty,940,44037,Finance,Surat,92,21,10,19,23,77.63143479,6,1
1287,Devansh Tara,1526,7192,Tech,Indore,37,8,7,9,29,47.66910544,3,0
1504,Daksha Prakash,1990,24978,Healthcare,Mumbai,87,44,2,23,2,77.12085817,8,0
1815,Maanav Babu,894,7396,Finance,Nagpur,17,21,12,6,16,23.35588097,9,1
1039,Rohan Ram,1684,47289,Retail,Pune,73,44,17,19,29,58.78860853,9,1
1600,Wakeeta Nadkarni,1724,40111,Logistics,Pune,42,17,12,26,41,74.75040333,6,1
1201,Timothy Thakur,1530,5846,Healthcare,Surat,57,55,15,9,16,21.32748491,9,1
1300,Tamanna Bahri,1307,29519,Retail,Indore,45,39,10,26,38,33.80143055,9,1
1340,Quincy Krish,1902,39884,Healthcare,Mumbai,36,7,12,14,17,54.93239302,9,1
1414,Nitara Pillay,1054,9757,Finance,Nashik,76,59,2,5,17,74.74413224,9,0
1987,Aishani Samra,504,34009,Healthcare,Indore,18,32,11,20,42,50.4510374,10,1
1321,Abhiram Bajaj,1894,42380,Tech,Pune,10,10,10,16,36,7.725556124,10,1
1302,Pavani Brahmbhatt,500,26951,Tech,Nashik,88,39,5,2,34,61.17492631,7,0
1224,Omisha Sunder,1679,27422,Finance,Dhule,47,16,14,6,13,68.39974818,1,1
1197,Janani Rajan,1120,5117,Healthcare,Mumbai,88,52,0,3,38,58.60220668,10,1
1480,Bimala Cheema,1446,12970,Tech,Shirpur,60,30,12,24,10,52.7079226,10,1
1650,Oliver Karnik,861,42198,Finance,Dhule,44,5,9,15,38,55.47561247,2,0
1645,Chameli Sinha,1960,27297,Healthcare,Surat,30,21,2,1,38,62.47280533,5,0
1515,Kritika Goda,119,12083,Finance,Nagpur,71,20,14,16,5,36.97387205,4,1
1313,Zilmil Pal,243,49028,Tech,Shirpur,63,11,16,3,12,13.75609271,5,1
1838,Noah Mohan,1538,14017,Healthcare,Nagpur,19,12,7,6,43,26.20005204,4,0
1895,Damyanti D’Alia,1564,26730,Healthcare,Surat,23,32,2,26,33,33.49432182,2,0
1724,Yug Bhakta,838,29951,Finance,Nagpur,31,6,15,6,44,23.10122779,2,1
1412,Amara Rana,787,42148,Tech,Surat,71,26,5,9,41,39.45095076,1,0
1121,Sara Bawa,891,21748,Tech,Dhule,63,48,12,2,34,34.70408581,1,1
1731,Lakshmi Bala,1787,40400,Healthcare,Nagpur,59,6,1,9,25,64.44968576,2,0
1469,Kashish Yadav,1080,15682,Tech,Nagpur,75,16,18,19,11,16.98120952,7,1
1113,Chakrika Maharaj,1825,5302,Retail,Shirpur,78,31,5,15,21,71.64494603,1,0
1129,Banjeet Kurian,114,24181,Retail,Shirpur,33,16,14,10,14,39.89581485,4,1
1422,Omisha Apte,1488,42011,Logistics,Nagpur,10,18,15,16,5,69.27717712,9,1
1358,Upadhriti Savant,1775,31215,Tech,Nashik,89,39,8,27,14,11.65799502,4,0
1238,Chandani Lalla,732,41258,Logistics,Pune,35,21,17,8,32,46.59653684,2,1
1424,Arunima Loyal,537,36195,Healthcare,Surat,57,22,3,13,21,11.70049267,2,0
1415,Wriddhish Koshy,569,24097,Retail,Nagpur,83,15,17,26,26,45.88125596,8,1
1161,Teerth Suri,602,20728,Tech,Shirpur,47,10,5,17,6,29.02240569,3,0
1111,Yahvi Bhalla,1375,19178,Tech,Pune,59,9,1,17,10,70.50208384,2,0
1231,Finn Kata,1596,6342,Tech,Ahmedabad,94,5,12,9,9,19.01804723,2,1
1131,Ladli Oommen,164,6531,Logistics,Surat,72,8,18,27,14,24.67057414,3,1
1057,Yadavi Dugar,1628,41932,Retail,Nagpur,68,53,15,1,37,58.23028136,6,1
1130,Aarnav Shroff,1936,43638,Logistics,Indore,91,27,2,11,15,9.367837312,4,0
1498,Anthony Natarajan,1299,18859,Finance,Ahmedabad,29,19,15,19,25,66.94161698,8,1
1082,Indrajit Oza,875,15161,Tech,Pune,31,20,9,10,8,20.70112995,1,1
1656,Varenya Sengupta,1448,13007,Finance,Mumbai,41,6,5,14,16,71.18713288,3,0
1487,Radhika Gade,1786,46124,Retail,Mumbai,66,52,11,9,42,9.105873669,10,1
1050,Yatin Kothari,786,9854,Finance,Mumbai,87,59,15,29,22,53.82288089,4,1
1165,Shaurya Krish,904,40240,Logistics,Indore,64,48,4,6,35,35.42858181,7,0
1506,Arjun Pradhan,1020,20358,Finance,Mumbai,49,17,13,15,17,12.35334036,10,1
1124,Anusha Natarajan,287,20034,Tech,Shirpur,23,38,9,26,35,33.91643761,1,1
1575,Odika Tandon,756,30712,Logistics,Dhule,71,13,10,16,18,18.47384135,9,1
1632,Aradhana Subramanian,573,6750,Tech,Mumbai,52,47,9,18,14,51.16644674,4,0
1421,Teerth Pai,329,24816,Tech,Mumbai,22,27,14,27,28,66.78083464,1,1
1517,Rajeshri Tailor,1899,22771,Healthcare,Shirpur,18,32,14,1,35,28.7351588,4,1
1957,Abhimanyu Parmar,923,8380,Logistics,Nashik,68,50,3,0,40,65.93102432,5,0
1635,Yashica Jhaveri,650,10319,Logistics,Pune,70,15,5,4,20,53.68654736,4,0
1308,Girish Mann,1733,5922,Finance,Ahmedabad,66,52,2,16,30,45.01101566,5,0
1516,Pallavi Sem,420,48861,Healthcare,Nagpur,58,40,5,28,43,30.02781557,1,0
1215,David Mahal,677,47533,Logistics,Mumbai,10,43,1,21,40,73.63541153,7,0
1622,Kai Cherian,1170,41408,Healthcare,Mumbai,27,6,3,3,3,26.89003828,9,0
1391,Ijaya Zachariah,977,44224,Tech,Dhule,90,10,4,19,14,28.20264216,9,0
1188,Mitali Parekh,1677,15787,Finance,Ahmedabad,68,49,12,26,15,49.43701094,5,1
1867,Parth Amble,604,49486,Finance,Dhule,49,10,19,6,33,48.572644,9,1
1059,Leela Maharaj,1608,12941,Tech,Indore,92,40,15,14,13,43.86542991,1,1
1795,Ranbir Salvi,832,47520,Healthcare,Nagpur,59,48,12,24,14,51.39388618,1,1
1995,Pallavi Kanda,870,35087,Retail,Surat,24,37,6,4,33,26.26303927,4,0
1318,Vincent Garde,1449,7243,Tech,Shirpur,12,36,3,6,42,70.21558766,2,0
1123,Tristan Prashad,863,9621,Finance,Nashik,88,51,4,7,27,36.8595636,2,0
1944,Chakrika Madan,1024,24440,Healthcare,Ahmedabad,45,44,5,26,9,50.98777706,3,0
1259,Thomas Radhakrishnan,1595,46832,Retail,Dhule,59,50,7,7,2,44.13731565,5,0
1306,Ishita Rama,1960,30053,Finance,Pune,20,39,1,6,40,74.05673383,6,0
1384,Ekiya Gulati,1235,39622,Logistics,Shirpur,94,19,2,12,4,52.53374636,2,0
1983,Aradhana Gupta,204,25172,Healthcare,Pune,39,27,15,17,18,70.62565248,6,1
1368,Qarin Grover,307,46563,Finance,Indore,51,38,14,21,41,47.92128609,6,1
1605,Turvi Kapur,1312,23023,Tech,Nagpur,72,11,10,17,43,5.274223351,6,1
1084,Gabriel Varty,305,16314,Tech,Shirpur,81,8,11,25,0,60.59815313,5,1
1952,Onveer Mammen,355,39375,Retail,Mumbai,32,8,2,3,18,26.33839698,1,0
1545,Ekaraj Deol,1177,27180,Healthcare,Mumbai,30,59,13,3,30,51.434105,6,1
1463,Chavvi Ganguly,1222,31399,Logistics,Ahmedabad,60,26,5,27,4,38.71875147,1,0
1529,Vedika Arya,953,40367,Logistics,Dhule,48,49,16,26,29,44.02427196,3,1
1022,Azad Rana,1432,29285,Healthcare,Nashik,66,54,9,29,37,25.81421037,1,1
1761,Anjali Din,1919,20876,Retail,Dhule,39,40,16,5,1,41.28476724,3,1
1417,Yashica Wason,1145,21241,Logistics,Pune,56,46,19,18,7,72.74552167,5,1
1244,Sneha Pal,809,17219,Tech,Dhule,59,12,4,24,13,55.19865623,7,0
1679,Leena Hayre,1700,28510,Retail,Surat,92,6,9,16,15,50.12649565,2,1
1979,Raagini Gupta,894,10109,Logistics,Ahmedabad,61,15,10,27,5,77.29370091,10,1
1077,Manan Bala,1490,46240,Logistics,Surat,29,44,4,20,35,67.26521633,10,0
1633,Qushi Jha,531,7421,Healthcare,Shirpur,70,28,18,2,32,7.966812992,10,1
1003,Anirudh Vora,960,18456,Finance,Dhule,19,5,15,9,43,71.09380113,10,1
1357,Gaurangi Comar,353,20328,Logistics,Shirpur,48,20,12,22,10,69.42354103,3,1
1853,Madhavi Kala,853,15177,Logistics,Ahmedabad,57,30,5,24,14,58.99696545,9,0
1559,Xavier Kannan,976,16664,Healthcare,Shirpur,66,40,5,18,20,74.86177902,2,0
1433,Ayushman Mody,978,29442,Tech,Shirpur,26,51,6,24,6,11.72391734,8,0
1405,Yashvi Mangal,1627,46914,Finance,Nagpur,24,36,11,9,32,31.66473479,9,1
1284,Zaitra Sani,1859,23574,Healthcare,Shirpur,15,10,5,17,31,74.00286231,1,0
1555,Janya Chakraborty,104,9263,Retail,Shirpur,63,20,1,23,36,38.66385242,4,0
1804,Qadim Krishna,591,10295,Finance,Indore,24,31,16,7,3,67.66787788,8,1
1563,Vaishnavi Rajan,146,34373,Logistics,Mumbai,85,27,4,17,19,29.52550764,10,0
1137,Liam Khosla,747,40854,Logistics,Indore,83,58,14,1,3,49.31034001,7,1
1930,Jagat Venkataraman,831,38756,Tech,Pune,50,15,14,25,17,14.867398,3,1
1193,Kai Lal,963,19043,Retail,Nagpur,92,42,14,26,20,41.84978239,5,1
1571,Baljiwan Basak,735,26874,Finance,Nashik,59,56,4,23,32,10.82843138,3,0
1367,Lavanya Menon,915,32632,Finance,Dhule,14,43,19,22,18,27.21325742,5,1
1441,Charles Mittal,1639,29861,Healthcare,Shirpur,67,52,17,3,14,30.84474468,7,1
1903,Edhitha Ranganathan,1636,32570,Finance,Nashik,68,12,1,23,37,45.632024,8,0
1981,Indali Mall,1584,21967,Tech,Surat,62,58,9,28,39,6.757471653,7,1
1020,Jagrati Krishna,230,13427,Healthcare,Nashik,32,10,8,20,37,55.30454941,2,0
1913,Arya Nath,883,28650,Finance,Ahmedabad,81,17,7,14,2,18.76847205,4,0
1602,Keya Nadig,1360,39008,Tech,Ahmedabad,17,13,12,6,24,41.88034573,3,1
1344,Manya Nayak,1421,48879,Logistics,Nashik,30,19,15,3,43,73.0149933,10,1
1556,Abhimanyu Rajagopal,1226,35987,Healthcare,Dhule,25,22,3,28,20,49.92582832,8,0
1303,Rajata Srivastava,866,20374,Tech,Mumbai,27,23,12,13,22,25.42365479,5,1
1687,Devansh Radhakrishnan,111,32345,Finance,Nagpur,14,14,1,22,31,7.910971086,6,0
1753,Tristan Chatterjee,276,41332,Retail,Nashik,81,26,18,24,42,33.72941048,4,1
1500,Pratyush Samra,1600,13705,Healthcare,Shirpur,76,11,15,11,2,34.88590716,7,1
1774,Suhani Gill,1148,29578,Retail,Nashik,36,20,15,19,10,7.572342598,8,1
1016,Noah Bajwa,1496,33538,Finance,Mumbai,24,25,6,7,42,44.44599327,4,0
1614,Victor Rana,1779,25581,Logistics,Pune,59,23,2,28,21,22.32344829,5,0
1228,Balendra Tandon,1763,10287,Logistics,Ahmedabad,63,44,6,25,16,21.92484373,10,0
1891,Yashawini Dutta,1799,29860,Tech,Mumbai,15,47,1,29,7,62.84186115,4,0
1813,Hredhaan Nagar,1516,43001,Tech,Nagpur,20,35,11,10,32,10.02433208,6,1
1842,Faqid Dugar,1305,7719,Tech,Mumbai,69,48,13,10,5,41.48317904,7,1
1627,Meghana Kaul,1111,29791,Logistics,Indore,47,20,10,8,25,35.89599115,6,1
1450,Nidra Yohannan,576,43000,Healthcare,Pune,88,45,9,10,41,47.76404118,1,0
1404,Bina Chad,915,11783,Retail,Ahmedabad,28,9,19,22,38,54.63952342,6,1
1934,Dipta Kibe,1827,39450,Retail,Shirpur,31,23,7,29,24,69.44937133,10,0
1866,Theodore Bajwa,289,15706,Logistics,Nashik,18,24,2,4,20,28.58255794,8,0
1150,Bachittar Mallick,330,47563,Tech,Shirpur,58,56,7,14,6,59.21294029,10,0
1587,Karan Bhagat,1250,13942,Retail,Surat,36,8,3,26,19,24.91906987,10,0
1199,Rachana Dhillon,1857,18234,Logistics,Pune,31,5,13,15,25,27.41946126,6,1
1817,Idika Rastogi,1317,24129,Logistics,Shirpur,69,23,14,23,30,36.19352407,1,1
1402,Liam Doshi,497,13666,Logistics,Dhule,48,45,4,1,15,47.14077172,9,0
1490,Azaan Jayaraman,254,22327,Finance,Indore,66,17,9,8,31,42.73501661,1,1
1329,Saumya Dalal,1271,25103,Tech,Indore,76,20,8,15,23,35.4774804,4,0
1652,Varsha Reddy,541,29070,Healthcare,Nashik,40,32,0,28,17,47.47421601,10,0
1110,Aadhya Cheema,1850,18568,Healthcare,Ahmedabad,71,28,1,7,2,20.26333312,2,0
1177,Dipta Sarna,1128,11767,Healthcare,Dhule,43,7,13,11,4,62.47634604,1,1
1497,Keya Rama,345,46874,Healthcare,Shirpur,88,31,2,22,39,46.29089755,3,0
1064,Jeevika Salvi,266,41586,Healthcare,Surat,74,45,1,2,12,45.54145065,5,0
1557,David Chaudhry,1319,13646,Healthcare,Shirpur,17,9,6,8,4,10.38015078,9,0
1912,Wazir Salvi,835,19288,Healthcare,Indore,47,47,18,9,4,75.04905639,3,1
1194,Anita Dass,842,33746,Retail,Indore,35,33,8,15,35,76.28776712,5,0
1921,Krish Kothari,1245,22482,Logistics,Nashik,12,16,15,20,2,43.18350389,8,1
1641,Bhavini Ahuja,122,34711,Healthcare,Mumbai,22,51,16,19,28,14.6565828,9,1
1382,Pallavi Yogi,353,24256,Logistics,Mumbai,54,46,8,18,11,14.87821514,2,0
1521,Gunbir Sem,1071,29557,Tech,Indore,57,16,14,6,39,64.66582939,7,1
1965,Eshana Batta,1924,43827,Logistics,Surat,26,28,18,5,43,8.291081628,5,1
1074,Gautami Rai,997,27415,Retail,Indore,89,46,11,28,41,31.75778678,3,1
1758,Bimala Amble,175,32376,Tech,Mumbai,17,26,15,13,42,70.86893508,9,1
1200,Hamsini Pal,584,43328,Retail,Surat,60,44,1,20,20,35.81122967,8,0
1243,Radhika Sehgal,1482,36037,Logistics,Mumbai,51,20,16,10,28,23.77690472,3,1
1311,Aarnav Pradhan,1634,37184,Finance,Pune,16,28,18,22,31,65.53302652,8,1
1927,Bhavya Subramaniam,1439,49413,Healthcare,Ahmedabad,78,30,4,28,41,73.41909208,9,0
1190,Eshana Prabhakar,1584,43110,Finance,Dhule,38,59,13,7,17,51.69315484,7,1
1019,Harini Shroff,1787,47944,Healthcare,Nagpur,10,27,16,5,26,44.31910404,9,1
1886,Faris Yadav,985,25953,Tech,Surat,77,58,8,5,35,20.78963663,10,0
1982,Aarnav Rama,1733,34759,Tech,Nashik,61,45,19,9,44,37.26319313,9,1
1146,Maya Suresh,388,44056,Healthcare,Nagpur,78,56,3,7,38,14.46032435,2,0
1990,Rohan Devi,575,31143,Finance,Nashik,53,30,17,5,31,15.53742573,1,1
1993,Triya Radhakrishnan,1768,46688,Healthcare,Surat,18,33,6,2,7,42.80525598,4,0
1643,Charan Mohan,621,46360,Tech,Dhule,84,16,6,27,29,40.63781495,1,0
1266,Sathvik Narayanan,663,5077,Tech,Mumbai,91,17,12,4,24,61.61994048,10,1
1499,Pooja Shanker,1162,36419,Logistics,Nashik,73,12,4,19,28,27.76279319,3,0
1411,Anjali Memon,1156,27359,Finance,Surat,42,24,9,25,37,27.70757057,4,0
1577,Dipta Kannan,930,16046,Finance,Nagpur,47,55,1,14,24,76.84845149,2,0
1730,Bhavani Natt,195,29557,Retail,Ahmedabad,29,31,2,4,36,76.96941107,1,0
1492,Vasana Wali,1509,9425,Retail,Pune,54,43,17,2,23,59.69301868,8,1
1985,Jeremiah Ray,610,31589,Healthcare,Indore,66,27,3,3,26,12.09172586,2,0
1926,Neha Sharaf,797,27042,Healthcare,Surat,40,15,2,8,33,75.32784615,10,0
1009,Aarini Kala,1738,42744,Healthcare,Dhule,30,43,18,18,0,38.19911362,2,1
1256,Unni Deshpande,1497,10951,Logistics,Indore,49,49,13,3,15,15.83273631,4,1
1432,Adweta Dugar,383,7482,Finance,Shirpur,35,9,3,25,22,49.70479483,1,0
1829,William Golla,1780,23088,Healthcare,Surat,47,10,16,5,14,14.18610626,6,1
1683,Utkarsh Khanna,1166,11640,Healthcare,Indore,37,42,11,8,20,37.70352306,5,1
1202,Aarna Varma,330,15954,Finance,Surat,30,34,2,24,15,77.45160943,7,0
1560,Girish Sandal,1091,40737,Retail,Nagpur,49,34,16,23,28,73.13075805,6,1
1757,Mekhala Pandya,1356,22320,Tech,Dhule,29,40,11,13,28,41.53119082,6,1
1389,Yadavi Sami,1984,14524,Healthcare,Nagpur,42,14,12,3,4,22.48906658,3,1
1223,Pallavi Grewal,1743,21644,Logistics,Nagpur,57,29,17,12,6,22.4676379,9,1
1007,Thomas Vala,1824,26949,Finance,Ahmedabad,61,55,14,5,14,28.36342243,3,1
1440,Niharika Varkey,758,47460,Retail,Ahmedabad,16,49,7,18,8,75.00913289,2,0
1849,Qadim Natt,1249,23787,Retail,Ahmedabad,65,28,15,5,23,14.94305581,3,1
1596,Lohit Sandal,1219,45385,Tech,Dhule,79,8,1,0,15,16.20495413,9,0
1525,Dakshesh Sur,1477,40954,Tech,Indore,82,20,8,26,11,74.93779648,4,0
1620,Christopher Raja,1343,40772,Healthcare,Nagpur,80,14,5,1,17,20.04234947,8,0
1333,Aradhana Borde,588,8756,Retail,Nagpur,44,49,0,22,11,17.87586463,2,0
1037,Rachita Chand,847,44649,Finance,Indore,56,55,0,13,8,8.953234239,6,1
1513,Zinal Krish,135,18221,Retail,Nashik,39,9,17,22,26,64.97688965,3,1
1139,Hitesh Mandal,1186,43518,Finance,Pune,75,6,12,6,4,75.59591967,4,1
1745,Dalaja Kale,1396,34757,Tech,Indore,75,50,6,24,38,38.64744437,6,0
1953,Avi Varma,808,26563,Retail,Nashik,55,29,18,10,29,8.529589841,3,1
1850,Yashawini Sachdev,1574,31588,Finance,Mumbai,18,15,15,1,37,63.10047029,10,1
1881,Dalaja Agate,272,23271,Retail,Nashik,57,24,15,17,41,61.22943101,4,1
1584,Jagvi Chaudhary,216,28863,Tech,Surat,37,24,0,28,38,19.46297067,9,0
1991,Farhan Sundaram,808,11154,Finance,Dhule,84,29,11,15,4,51.69120472,9,1
1789,Chandresh Venkatesh,497,22602,Healthcare,Ahmedabad,26,27,17,4,10,62.38299437,4,1
1821,Chaitanya Raju,1545,11183,Finance,Mumbai,58,36,13,1,13,19.34580283,7,1
1360,Sai Venkataraman,1160,32306,Logistics,Surat,70,14,16,11,18,29.04649299,8,1
1128,Abhiram Pradhan,1280,22302,Logistics,Surat,38,24,6,1,16,79.1277925,5,0
1220,Tripti Chanda,745,44756,Healthcare,Indore,41,59,11,1,3,68.41331081,1,1
1182,Tristan Bala,970,25119,Tech,Ahmedabad,36,56,10,28,36,58.54684609,1,1
1236,Chasmum Shankar,1500,37293,Healthcare,Shirpur,82,25,10,6,41,32.40251312,7,1
1915,Rayaan Chad,457,37232,Finance,Dhule,71,13,15,26,30,35.49773952,9,1
1553,Anika Goda,1103,22029,Retail,Ahmedabad,22,26,16,11,1,19.52178573,8,1
1720,Isaiah Chauhan,1992,25144,Healthcare,Ahmedabad,13,38,12,23,13,25.97553924,2,1
1691,Upasna Nagarajan,598,20229,Healthcare,Pune,59,17,13,5,26,67.62175813,10,1
1127,Teerth Hayer,1164,23030,Healthcare,Nagpur,29,54,14,11,15,42.88366668,6,1
1377,Lucky Palan,1748,16053,Tech,Nashik,46,8,8,14,15,14.77384911,1,0
1459,Amol Doctor,596,39249,Retail,Dhule,65,15,18,6,2,46.84093877,2,1
1245,Garima Konda,1579,5235,Tech,Nashik,93,51,2,14,24,71.62041474,8,0
1301,Yashvi Sankar,222,36273,Retail,Nashik,46,21,5,23,43,69.0799635,2,0
1978,Yamini Edwin,926,14208,Healthcare,Shirpur,82,50,7,1,32,29.05341237,1,0
1030,Upasna Dewan,1055,6252,Logistics,Dhule,93,53,11,24,20,45.93122598,8,1
1372,Manbir Goda,153,49327,Retail,Dhule,76,9,12,22,32,72.01324785,1,1
1920,Reyansh Saha,1131,15396,Finance,Shirpur,19,55,4,1,39,25.04074216,4,0
1894,Patrick Subramanian,1655,30338,Finance,Ahmedabad,69,26,13,15,36,49.44261371,8,1
1099,Ganga Shukla,829,21282,Healthcare,Pune,36,7,17,25,19,36.02491427,3,1
1283,Jyoti Wali,954,42438,Tech,Surat,82,10,19,12,41,58.01026972,10,1
1438,Panini Parmer,1952,32952,Healthcare,Surat,58,32,7,5,40,39.47245658,7,0
1740,Upasna Kumer,378,46898,Retail,Pune,12,24,8,23,27,48.93337032,10,0
1008,Mohammed Luthra,1144,9544,Logistics,Indore,34,15,13,16,15,63.71927107,2,1
1448,Upasna Merchant,1343,33865,Tech,Mumbai,34,34,12,29,37,17.83144751,5,1
1276,Ranbir Rout,1204,33173,Healthcare,Indore,55,29,14,22,33,33.98469232,5,1
1018,Onkar Varma,971,42131,Healthcare,Shirpur,79,44,17,23,1,32.13262339,3,1
1222,Oscar Chaudhari,1151,5009,Healthcare,Ahmedabad,15,56,12,1,28,43.13592765,6,1
1844,Aarav Bose,190,16700,Logistics,Pune,26,36,3,28,5,70.01414098,3,0
1663,Tanvi Doctor,596,30510,Tech,Ahmedabad,94,15,1,9,19,31.98686755,1,0
1530,Faqid Mittal,150,41801,Logistics,Mumbai,67,56,12,14,4,78.14334015,9,1
1061,Anjali Varughese,746,10569,Tech,Mumbai,58,56,8,4,8,47.69226591,9,0
1968,Lakshmi Char,245,49859,Tech,Nashik,91,29,16,18,1,24.22192815,9,1
1147,Simon Oza,478,8596,Finance,Ahmedabad,91,26,18,29,40,44.71502113,4,1
1196,Nidra Singhal,663,46605,Logistics,Nashik,62,13,19,28,38,36.82790195,9,1
1583,Damyanti Bora,1597,34077,Healthcare,Indore,54,19,0,27,21,37.60086112,4,0
1925,Hemang Dugar,1771,16722,Finance,Surat,68,18,14,18,6,58.60267373,3,1
1075,Chanchal Varughese,1463,29071,Tech,Ahmedabad,52,22,7,29,6,17.32028371,10,0
1066,Amol Tara,487,11254,Retail,Ahmedabad,36,59,11,17,28,75.87628207,5,1
1144,Vasana Palla,1798,11229,Healthcare,Pune,71,24,19,15,17,46.45279175,5,1
1251,Brinda Chacko,1942,24019,Finance,Mumbai,72,21,12,21,28,25.14491997,7,1
1371,Charan Dugal,251,44964,Healthcare,Mumbai,89,27,1,14,40,60.98390966,9,0
1021,Champak Kalla,1785,46348,Healthcare,Ahmedabad,48,26,9,24,25,25.20795847,4,1
1376,Vanya Patla,686,39560,Healthcare,Surat,38,48,9,20,32,16.39851369,1,1
1962,Libni Chandra,1128,35707,Tech,Indore,25,41,3,0,5,29.04970661,4,0
1484,Falan Sura,725,14503,Logistics,Nashik,31,47,15,0,30,60.25959265,8,1
1141,Sai Loyal,1622,30289,Retail,Mumbai,67,7,2,25,12,43.63941696,1,0
1359,Nisha More,552,38595,Healthcare,Indore,94,34,3,16,7,69.87462322,4,0
1565,Ubika Rastogi,922,25609,Logistics,Pune,53,17,15,24,1,25.63926588,8,1
1370,Balveer Agarwal,503,25530,Logistics,Ahmedabad,85,49,14,19,38,31.00390709,9,1
1214,Samar Joshi,1919,17941,Healthcare,Dhule,92,13,17,19,1,62.86050086,1,1
1970,Nisha Sanghvi,1362,5526,Healthcare,Nagpur,52,58,1,17,1,55.24651181,7,0
1239,Panini Kalla,727,33253,Logistics,Dhule,28,26,11,7,35,72.62234221,1,1
1747,Bhavani Boase,695,19561,Healthcare,Nashik,58,41,6,7,29,54.77185406,2,0
1493,George Barman,884,21032,Retail,Mumbai,91,58,3,24,22,70.60603051,3,0
1639,Ojas Batra,1857,32935,Logistics,Shirpur,24,11,0,3,16,12.01400927,6,0
1352,Champak Prabhu,1695,15457,Logistics,Nagpur,64,11,8,16,19,25.07513279,8,0
1535,Manbir Sagar,1248,46401,Healthcare,Mumbai,38,40,13,16,34,21.01531084,5,1
1149,Lekha Setty,1613,11168,Logistics,Dhule,50,37,12,8,22,6.577767685,1,1
1946,Ladli Malhotra,1681,22175,Healthcare,Dhule,24,56,13,20,18,54.64261824,8,1
1725,Nathaniel Sami,1812,37413,Tech,Mumbai,56,5,5,23,26,10.89021821,8,0
1455,Harshil Rastogi,1868,17342,Finance,Shirpur,34,52,5,9,38,10.55561804,9,0
1876,Naveen Zachariah,233,31660,Logistics,Nashik,53,31,0,14,13,24.68120613,3,1
1198,Charles Bakshi,195,23935,Tech,Shirpur,68,6,3,7,28,50.2844568,3,0
1270,Yamini Dua,1509,19060,Logistics,Nashik,47,39,0,20,13,18.78596671,6,0
1890,Janani Atwal,1352,42567,Logistics,Nashik,90,49,15,1,29,63.50630178,8,1
1158,Yauvani Ben,1029,17910,Logistics,Nashik,11,25,6,8,14,68.0822128,5,0
1883,Atharv Yogi,914,19859,Retail,Shirpur,25,43,7,0,7,40.70425266,2,0
1828,Nachiket Kakar,599,36290,Healthcare,Indore,73,33,18,1,1,73.05973823,8,1
1519,Kalpit Murty,499,24063,Healthcare,Surat,70,33,3,18,44,8.905430467,5,0
1083,Qabil Khare,134,33732,Finance,Nagpur,66,54,4,1,26,7.956318884,4,0
1742,Xavier Patel,966,42573,Logistics,Nagpur,65,28,13,2,42,38.42973657,1,1
1941,Urvashi Oommen,560,16425,Finance,Shirpur,86,32,13,5,15,45.79084409,3,1
1272,Hemang Nadkarni,1236,23520,Logistics,Surat,45,9,12,10,27,16.6131046,1,1
1361,Champak Loke,1283,24915,Healthcare,Nagpur,18,42,15,22,22,18.37486343,1,1
1024,Hitesh Boase,443,47808,Finance,Pune,43,41,15,23,10,59.265093,5,1
1262,Lakshit Dyal,1236,26204,Tech,Dhule,67,12,5,22,44,62.07544872,5,0
1931,Krishna Krish,968,44214,Finance,Ahmedabad,40,42,2,18,40,27.67075254,2,0
1608,Owen Ganguly,680,33145,Healthcare,Dhule,30,46,16,26,22,22.22872128,5,1
1226,Gautam Bose,1921,7219,Logistics,Shirpur,83,59,18,12,34,78.55708808,10,1
1977,Triveni Nazareth,1977,43565,Healthcare,Nagpur,24,11,1,1,36,31.62463369,2,0
1702,Januja Thakkar,517,35586,Healthcare,Nagpur,27,54,5,5,32,74.6380814,9,0
1192,Thomas Luthra,1698,46427,Healthcare,Indore,74,49,18,22,1,19.61303687,5,1
1058,Ojas Gulati,1254,32169,Finance,Shirpur,38,47,13,17,30,5.551837222,7,1
